feature,shap_win_mean,shap_loss_mean,shap_diff_mean,u_stat,p_value,bh_significant,abs_diff
return_rolling_mean_8,0.04597345927464382,0.005153166262921611,0.040820293011722214,8175286.0,1.0464591118927698e-57,True,0.040820293011722214
return_rolling_mean_12,0.03745830036480833,0.00539698894936096,0.032061311415447366,7727697.0,1.347038288292729e-28,True,0.032061311415447366
return_rolling_mean_2,0.011919596800979714,-0.0007554917329605315,0.012675088533940245,10212228.0,0.0,True,0.012675088533940245
body,0.009602363607881316,-0.002557239280478317,0.012159602888359633,11068645.0,0.0,True,0.012159602888359633
return_rolling_min_2,0.005938088161996139,-0.005924441593138932,0.011862529755135071,10181750.0,0.0,True,0.011862529755135071
oc_return,0.008566794413848451,-0.0017071920392519291,0.01027398645310038,10681001.0,0.0,True,0.01027398645310038
return_rolling_mean_4,0.01580831077522458,0.0063925823963258185,0.009415728378898763,8404719.0,1.1024269007231097e-76,True,0.009415728378898763
return_rolling_mean_24,0.015544227413134088,0.006837126221906465,0.008707101191227622,6785298.0,0.46105756173401424,False,0.008707101191227622
return_rolling_min_1,0.006152865216478652,-0.0022049674894530163,0.008357832705931668,12275947.5,0.0,True,0.008357832705931668
return_rolling_mean_1,0.005481555114891138,-0.0017992988635439455,0.007280853978435083,11552525.5,0.0,True,0.007280853978435083
minute_sin,0.01278479962518529,0.01893118690798139,-0.0061463872827961005,5844092.0,7.520413529675043e-22,True,0.0061463872827961005
return,0.0049363104997163796,-0.0007473834066551372,0.005683693906371517,9995148.5,5.454232453393616e-284,True,0.005683693906371517
close_position,0.0037209629439503306,-0.0018945255293230526,0.005615488473273383,10904406.0,0.0,True,0.005615488473273383
range_pct_rolling_mean_4,0.012606914619699443,0.01808216865484233,-0.005475254035142886,5553192.0,1.5742535990058779e-37,True,0.005475254035142886
return_rolling_max_1,0.00540068363729915,-6.840972338033152e-05,0.0054690933606794815,10003722.0,1.8201799192471584e-285,True,0.0054690933606794815
return_x_log_volume,0.004281493515775841,-0.0002684289772991195,0.004549922493074961,10075469.5,5.649122551879159e-298,True,0.004549922493074961
return_rolling_min_4,-1.9440034079604067e-06,-0.004079534332437004,0.0040775903290290435,7095610.0,3.3643239610737064e-05,True,0.0040775903290290435
range_hl_rolling_mean_2,0.011126436669427666,0.015183182827452015,-0.004056746158024349,6013079.5,9.247014044884224e-15,True,0.004056746158024349
log_high,-0.0013898498707474172,0.0026042305887663485,-0.003994080459513766,2282477.0,0.0,True,0.003994080459513766
range_hl_rolling_mean_4,0.007744056959745437,0.010607908206749594,-0.0028638512470041573,6011586.0,8.124861056078845e-15,True,0.0028638512470041573
garman_klass_var_rolling_min_8,0.006269998467411728,0.008861908427311773,-0.0025919099599000447,5970789.5,2.1402567255864162e-16,True,0.0025919099599000447
close_to_vwap_rolling_min_1,0.0020554215546752697,-0.0005027513430847737,0.0025581728977600434,9373498.5,3.4562527073597316e-187,True,0.0025581728977600434
return_rolling_max_2,0.0038962688402459046,0.001382387245164523,0.0025138815950813817,9222072.0,1.1261535707810189e-166,True,0.0025138815950813817
parkinson_var_rolling_min_4,0.005415269791786681,0.007897865271376621,-0.0024825954795899404,4831363.5,1.649916894109619e-95,True,0.0024825954795899404
buy_ratio_rolling_mean_1,0.0014180022955146722,-0.0010346337345274199,0.0024526360300420923,10381068.5,0.0,True,0.0024526360300420923
log_volume,-0.003793934789515661,-0.0013804940416376902,-0.0024134407478779707,6021039.0,1.8344055582998157e-14,True,0.0024134407478779707
garman_klass_var_rolling_mean_8,0.006779830382955252,0.009061623087953713,-0.002281792704998461,6010495.0,7.390938844334974e-15,True,0.002281792704998461
buy_ratio_rolling_mean_2,0.0011614782880074817,-0.001021728413032146,0.0021832067010396274,9200478.0,7.568239467648754e-164,True,0.0021832067010396274
garman_klass_var_rolling_min_4,0.006214612860816846,0.008397772863281241,-0.002183160002464395,5333328.0,2.63104796201712e-52,True,0.002183160002464395
range_pct_rolling_mean_8,0.006856919526016061,0.008996948582434362,-0.0021400290564183013,5958717.5,7.024582050854537e-17,True,0.0021400290564183013
parkinson_var_rolling_mean_8,0.0036984615287200947,0.005804686744069573,-0.0021062252153494785,6533920.0,0.0428253140749036,False,0.0021062252153494785
range_pct_rolling_mean_2,0.014092440580473037,0.016122212799044678,-0.002029772218571641,6430468.0,0.0015652875837895261,True,0.002029772218571641
parkinson_var_rolling_mean_4,0.00900934625741646,0.01100739369613466,-0.0019980474387182,6274347.0,1.0716904235766225e-06,True,0.0019980474387182
log_quote_volume_rolling_mean_1,0.01243879078551067,0.014403558776456049,-0.0019647679909453788,6281097.0,1.556693152500959e-06,True,0.0019647679909453788
close_to_vwap_rolling_mean_4,0.0043510133767280445,0.002411816967096586,0.0019391964096314583,7959204.0,2.3869460028149252e-42,True,0.0019391964096314583
garman_klass_var_rolling_mean_2,0.007697851367909209,0.009595974661362588,-0.0018981232934533795,5650392.0,8.435479642420069e-32,True,0.0018981232934533795
range_hl_rolling_mean_8,0.0063308061658833015,0.00821258655246998,-0.001881780386586679,6011662.5,8.17893328486806e-15,True,0.001881780386586679
imbalance_rolling_max_1,0.0009279729308665556,-0.0008846005391478836,0.0018125734700144393,10985924.0,0.0,True,0.0018125734700144393
range_hl_rolling_mean_12,0.0055287854459453705,0.007264491885262619,-0.0017357064393172484,5936335.0,8.5029652464065e-18,True,0.0017357064393172484
parkinson_var_rolling_min_8,0.004352252105306487,0.006069186871055842,-0.0017169347657493552,5898366.0,2.0633420473769385e-19,True,0.0017169347657493552
range_pct_rolling_min_4,0.0032792562624387855,0.00499560488669169,-0.001716348624252905,5544278.0,4.43633790071631e-38,True,0.001716348624252905
open_position,0.0011379450560949332,-0.0005491923180996176,0.0016871373741945508,10114101.0,8.01524717146911e-305,True,0.0016871373741945508
close_to_vwap_rolling_max_1,0.0021498352046492326,0.000470155758381946,0.0016796794462672865,8322217.0,1.525124838089726e-69,True,0.0016796794462672865
garman_klass_var_rolling_mean_1,0.00996918750992405,0.01162781929378395,-0.0016586317838598996,5805658.5,1.1404866774759029e-23,True,0.0016586317838598996
range_pct_rolling_max_2,0.009106855298055752,0.010763821801741262,-0.0016569665036855093,4976997.5,1.2842910784417387e-81,True,0.0016569665036855093
log_quote_volume_rolling_max_1,0.017540767247664058,0.01919408267206918,-0.0016533154244051211,6037989.0,7.693396971528477e-14,True,0.0016533154244051211
range_hl_rolling_min_4,0.004424378872320655,0.006003454845200765,-0.0015790759728801108,5873238.0,1.601997946267367e-20,True,0.0015790759728801108
range_pct_rolling_mean_12,0.006342740480402786,0.007897201450295953,-0.0015544609698931672,6152433.5,5.042740926905888e-10,True,0.0015544609698931672
log_trades,0.0158447489375775,0.01738879193431748,-0.0015440429967399812,4167659.5,7.100453654902999e-173,True,0.0015440429967399812
range_pct_rolling_min_2,0.006211935152511503,0.007732855538049698,-0.0015209203855381954,5780271.5,6.506907820499873e-25,True,0.0015209203855381954
abs_return_rolling_mean_1,0.004625417061342746,0.0061318300074465985,-0.0015064129461038528,6020667.0,1.776905051224738e-14,True,0.0015064129461038528
true_range,0.015048636810867745,0.01653413318460294,-0.001485496373735195,6558668.0,0.07952639533432125,False,0.001485496373735195
range_pct_rolling_min_1,0.014467499708168772,0.015941718867055893,-0.001474219158887121,6395163.0,0.00038481503822966384,True,0.001474219158887121
log_volume_rolling_min_4,-0.002827594704169169,-0.0013728056422799449,-0.001454789061889224,6286003.0,2.0351515943619312e-06,True,0.001454789061889224
parkinson_var_rolling_mean_2,0.014381047625249272,0.015802509779461675,-0.0014214621542124033,6496845.0,0.014980643654770193,False,0.0014214621542124033
log_quote_volume,0.009581224999834638,0.010982485967166807,-0.0014012609673321689,5911899.5,7.921069992200337e-19,True,0.0014012609673321689
garman_klass_var_rolling_min_1,0.009782179899913302,0.011175237459695921,-0.0013930575597826192,6385334.0,0.0002538931220019248,True,0.0013930575597826192
imbalance,0.0009359375971645212,-0.0004461983566651681,0.0013821359538296893,9710959.5,2.951313903011381e-237,True,0.0013821359538296893
range_pct_rolling_max_1,0.0110766685937711,0.012424814238611028,-0.0013481456448399282,6367160.0,0.00011430722044117268,True,0.0013481456448399282
range_pct_rolling_min_12,0.005076273629851498,0.006414072045626743,-0.0013377984157752444,6023973.5,2.3569231542844248e-14,True,0.0013377984157752444
parkinson_var_rolling_mean_24,0.002128366787625289,0.0034308171625600462,-0.0013024503749347574,6398005.0,0.0004330914059602884,True,0.0013024503749347574
range_x_log_volume,0.003872832542328682,0.005163368909411315,-0.001290536367082633,6003474.5,4.005422648412553e-15,True,0.001290536367082633
parkinson_var_rolling_mean_12,0.0026660449951977096,0.00392681555866502,-0.0012607705634673102,5883479.5,4.5812416886279115e-20,True,0.0012607705634673102
log_low,0.0004172947931525966,0.0015915925466006334,-0.0011742977534480367,2310304.5,0.0,True,0.0011742977534480367
garman_klass_var_rolling_mean_12,0.0064212637467441986,0.007582908678656353,-0.001161644931912154,7006382.0,0.0015417038676405746,True,0.001161644931912154
buy_ratio_quote,0.0008706243595757533,-0.0002900071607341323,0.0011606315203098855,9283611.0,7.234292263241427e-175,True,0.0011606315203098855
range_hl_rolling_max_2,0.01051601851170036,0.011675363646840737,-0.0011593451351403772,6082458.0,2.8129290902815843e-12,True,0.0011593451351403772
range_hl_rolling_min_12,0.006389437381996118,0.007516553597340164,-0.0011271162153440456,6390519.5,0.00031661239786064853,True,0.0011271162153440456
range_hl_rolling_min_8,0.005266687925566281,0.006383250061158784,-0.0011165621355925031,6079650.0,2.2567034857573028e-12,True,0.0011165621355925031
avg_trade_size,-0.013652341731903278,-0.014732467936390114,0.0010801262044868361,7179111.0,4.0855453055114095e-07,True,0.0010801262044868361
buy_ratio_rolling_max_1,0.0006480184006008564,-0.00042927599797849624,0.0010772943985793526,9935438.5,8.175719958516026e-274,True,0.0010772943985793526
abs_return_rolling_var_48,0.0026936533648861043,0.0037504396198328794,-0.0010567862549467752,4572867.5,6.721311585987521e-123,True,0.0010567862549467752
imbalance_rolling_mean_2,0.000383179536149941,-0.0006501283965998077,0.0010333079327497488,8802277.0,4.3385031784415985e-116,True,0.0010333079327497488
log_quote_volume_rolling_min_4,0.004936494518595047,0.005964241410219843,-0.001027746891624796,5112010.0,9.902105675046437e-70,True,0.001027746891624796
return_rolling_iqr_96,0.0059046982572544555,0.006930638635616533,-0.0010259403783620773,6337796.0,2.9058606710749537e-05,True,0.0010259403783620773
abs_return_rolling_var_4,0.0040135199961132,0.005025332519744967,-0.0010118125236317672,6284867.0,1.91317068275736e-06,True,0.0010118125236317672
return_rolling_max_8,0.002915713508697296,0.0019127535791319216,0.0010029599295653744,8009834.5,9.950278036168509e-46,True,0.0010029599295653744
log_quote_volume_rolling_min_12,0.0051382630582120035,0.00613891227358054,-0.0010006492153685365,5583105.5,1.0294443329511745e-35,True,0.0010006492153685365
minute_cos,-0.00015671970917233592,0.0008423160907153076,-0.0009990357998876436,6765444.0,0.6038163046443751,False,0.0009990357998876436
log_volume_rolling_min_8,-0.0006880760226794942,0.00026462416330297827,-0.0009527001859824724,6663295.0,0.5460839040260153,False,0.0009527001859824724
log_quote_volume_rolling_min_2,0.003888733500137317,0.004839382366777883,-0.0009506488666405659,5630774.5,6.449003737407407e-33,True,0.0009506488666405659
garman_klass_var_rolling_max_2,0.006992825783911779,0.007935506039610067,-0.0009426802556982885,6263217.5,5.723990274199822e-07,True,0.0009426802556982885
buy_ratio_rolling_var_24,-0.003613768511998593,-0.002671395502626496,-0.0009423730093720971,6496018.0,0.014606424646956963,False,0.0009423730093720971
imbalance_rolling_max_2,0.00047910542287441605,-0.00045923964117560795,0.000938345064050024,8216491.0,6.50041038131868e-61,True,0.000938345064050024
garman_klass_var_rolling_ptp_8,0.0014538469737964519,0.0023887162272256575,-0.0009348692534292056,3970639.0,2.7823001803730214e-200,True,0.0009348692534292056
parkinson_var_rolling_min_24,0.004060834928944326,0.0049938435014862444,-0.0009330085725419183,6022127.0,2.013288901317667e-14,True,0.0009330085725419183
buy_ratio,0.0005056943750909104,-0.00042644827365744095,0.0009321426487483513,9898627.5,1.0983390561241946e-267,True,0.0009321426487483513
parkinson_var_rolling_min_12,0.005940544278189773,0.006871679408197376,-0.0009311351300076032,6392891.5,0.00034989697329725143,True,0.0009311351300076032
close_to_vwap_rolling_mean_8,0.002057342223179671,0.0011265756090608,0.0009307666141188712,7325808.0,2.4378345108887993e-11,True,0.0009307666141188712
close_to_vwap,0.0013460454698925872,0.00041622704749904433,0.0009298184223935429,8852081.5,1.3189464482573678e-121,True,0.0009298184223935429
log_quote_volume_rolling_mean_2,0.003288643282744672,0.00421813719362857,-0.0009294939108838982,5957983.5,6.560812443143321e-17,True,0.0009294939108838982
log_volume_rolling_max_2,-0.0009396034119435989,-1.6596513141522754e-05,-0.0009230068988020761,6176291.5,2.5914687881101046e-09,True,0.0009230068988020761
garman_klass_var_rolling_mean_24,0.00363112192738116,0.004539229222289835,-0.0009081072949086747,6529690.5,0.03827570059749981,False,0.0009081072949086747
abs_return_rolling_mean_96,0.0035079557157107347,0.004392981484137902,-0.0008850257684271676,6586216.5,0.1468646751321948,False,0.0008850257684271676
range_pct_rolling_mean_24,0.0018778492123412403,0.0027474655872129676,-0.0008696163748717273,4767246.0,5.620335578489973e-102,True,0.0008696163748717273
abs_return_rolling_iqr_96,0.003678307969560534,0.004547595176664907,-0.0008692872071043734,5929605.0,4.45410386924e-18,True,0.0008692872071043734
abs_return_rolling_iqr_24,0.0012318771204428954,0.002083232818573691,-0.0008513556981307956,4368941.0,5.637647926926867e-147,True,0.0008513556981307956
range_hl_rolling_mean_96,0.002447312299113021,0.003285244221753902,-0.0008379319226408809,5961543.5,9.131928228474212e-17,True,0.0008379319226408809
log_quote_volume_rolling_max_4,0.001925728796990765,0.002758645575301287,-0.0008329167783105221,5902691.5,3.1789551640237226e-19,True,0.0008329167783105221
log_quote_volume_rolling_min_1,0.005863733495923381,0.006696538880905717,-0.0008328053849823358,5516774.0,8.389532565203542e-40,True,0.0008328053849823358
squared_return_rolling_iqr_96,0.0025395526665310387,0.0033681483961386454,-0.0008285957296076066,6259217.5,4.55274489018047e-07,True,0.0008285957296076066
abs_return_rolling_max_4,0.0068356952570456635,0.007659835500917813,-0.0008241402438721492,6555911.0,0.07446611479060393,False,0.0008241402438721492
garman_klass_vol,0.007257474612717508,0.008079276787845422,-0.0008218021751279147,6419420.5,0.0010245178540102624,True,0.0008218021751279147
imbalance_rolling_mean_1,0.0003895017686058139,-0.00043202155633217086,0.0008215233249379847,9770566.0,5.653550746261822e-247,True,0.0008215233249379847
return_rolling_mean_48,0.0009359859970865344,0.00013777183150592682,0.0007982141655806076,7008341.5,0.001431363392809354,True,0.0007982141655806076
range_pct_rolling_mean_96,0.0026859608728888023,0.0034803092578215497,-0.0007943483849327474,6629232.5,0.32808932616431563,False,0.0007943483849327474
log_volume_rolling_max_4,-0.0016894905343940874,-0.0009004663255522435,-0.0007890242088418439,6370830.5,0.0001347083347845491,True,0.0007890242088418439
squared_return_rolling_min_1,0.0013738873841639167,0.002136012105533331,-0.0007621247213694142,6951256.5,0.010439675703632885,False,0.0007621247213694142
log_volume_rolling_mean_2,-0.00039520630268165936,0.00035813856039555264,-0.000753344863077212,6085589.0,3.5487483041985798e-12,True,0.000753344863077212
range_pct_rolling_iqr_96,0.0033183434824922676,0.004070296440779959,-0.0007519529582876911,6306232.0,5.965883575716564e-06,True,0.0007519529582876911
squared_return_rolling_mean_2,0.0038984915520753716,0.004644048217139803,-0.0007455566650644316,6467545.0,0.00587208211707767,True,0.0007455566650644316
log_quote_volume_rolling_max_2,0.007023988147013375,0.007764891901320559,-0.0007409037543071846,5446077.0,2.0562325171849307e-44,True,0.0007409037543071846
log_volume_rolling_min_2,-0.0009086966712565942,-0.0001706604472723617,-0.0007380362239842325,5890148.0,9.014361891589314e-20,True,0.0007380362239842325
log_quote_volume_rolling_mean_4,0.004863755268098309,0.0055856477549723425,-0.0007218924868740333,6131351.5,1.1225648624644448e-10,True,0.0007218924868740333
close_to_vwap_rolling_mean_2,-0.00020377580268955873,0.0005173726030090583,-0.000721148405698617,7264465.0,1.9378858402340254e-09,True,0.000721148405698617
buy_ratio_rolling_mean_4,0.0003708047521565402,-0.0003434424531235824,0.0007142472052801226,8120388.5,1.421128474978571e-53,True,0.0007142472052801226
parkinson_var,0.008698516480161683,0.009410180331239033,-0.0007116638510773505,6494502.5,0.013948394858308283,False,0.0007116638510773505
log_volume_lag_3,-0.0002307669933713001,0.0004794469888701537,-0.0007102139822414538,5885602.5,5.686451930748918e-20,True,0.0007102139822414538
close_to_vwap_rolling_var_96,0.0014004836745752998,0.002108416012888424,-0.0007079323383131241,6168419.5,1.5212970446282142e-09,True,0.0007079323383131241
parkinson_var_rolling_max_8,0.002613479870245523,0.003319311590029341,-0.0007058317197838181,6038736.5,8.189068668950365e-14,True,0.0007058317197838181
garman_klass_var_rolling_max_4,0.0029571777967283062,0.0036407802973321846,-0.0006836025006038784,5728594.5,1.5072394237415156e-27,True,0.0006836025006038784
range_hl_rolling_var_96,-4.000018960800568e-05,0.0006324611254169558,-0.0006724613150249615,5938352.0,1.028543580478368e-17,True,0.0006724613150249615
parkinson_var_rolling_ptp_4,0.0020228619714234013,0.001370531616455965,0.0006523303549674363,8206295.5,4.126729157976578e-60,True,0.0006523303549674363
parkinson_var_rolling_min_2,0.0032812475142180195,0.003932498149470956,-0.0006512506352529365,6012207.5,8.568817119108636e-15,True,0.0006512506352529365
parkinson_var_rolling_mean_96,0.0011744077473582735,0.0018249440319875292,-0.0006505362846292557,6086405.5,3.828122952470673e-12,True,0.0006505362846292557
garman_klass_var_rolling_max_1,0.007468794154183236,0.008105364148055242,-0.0006365699938720064,6460267.5,0.00458520333994828,True,0.0006365699938720064
return_rolling_max_12,0.0023622863439950875,0.0017303570762688958,0.0006319292677261917,7828278.0,3.1476950207510906e-34,True,0.0006319292677261917
parkinson_var_rolling_var_12,0.0025588520886036976,0.003187019753068141,-0.0006281676644644433,6337144.0,2.8143171461303036e-05,True,0.0006281676644644433
squared_return_rolling_mean_1,0.001935885208011572,0.002560689470224274,-0.0006248042622127021,6746582.5,0.7553132037183408,False,0.0006248042622127021
log_volume_rolling_mean_1,-0.00018126714301260825,0.00043900350275745,-0.0006202706457700583,5961793.0,9.339725883415859e-17,True,0.0006202706457700583
return_rolling_iqr_8,0.003333489239856679,0.003946749583317224,-0.0006132603434605447,5752502.0,2.5976010041015753e-26,True,0.0006132603434605447
log_quote_volume_expanding_var,0.0043561871347922825,0.0049536355765761346,-0.0005974484417838521,5552632.0,1.4538776171029841e-37,True,0.0005974484417838521
abs_return_rolling_iqr_4,0.001862110812789632,0.002451557376727218,-0.0005894465639375861,4719078.5,5.611316689600752e-107,True,0.0005894465639375861
return_rolling_mean_96,0.0005381700277654333,0.001124050903857574,-0.0005858808760921407,7027089.5,0.0006880865433849089,True,0.0005858808760921407
log_volume_rolling_min_1,-0.0006223158084694723,-4.068649764591098e-05,-0.0005816293108235613,6374876.0,0.00016114388848258743,True,0.0005816293108235613
garman_klass_var_rolling_min_24,0.0017858987748603332,0.0023656175781595246,-0.0005797188032991914,5995365.5,1.959624176947695e-15,True,0.0005797188032991914
close_to_vwap_rolling_mean_12,0.0015777046545703128,0.0021491357102786514,-0.0005714310557083386,7499828.0,8.738007147188839e-18,True,0.0005714310557083386
abs_return_rolling_mean_24,0.0046492840849664705,0.005220683132707625,-0.0005713990477411541,6745576.5,0.763730400908863,False,0.0005713990477411541
log_quote_volume_rolling_min_24,0.0024372174908021825,0.0030078153013284757,-0.0005705978105262932,5987325.0,9.571274526938583e-16,True,0.0005705978105262932
range_hl,0.013472808128962678,0.014041955316977639,-0.0005691471880149603,6609089.0,0.23039679722481943,False,0.0005691471880149603
abs_return_rolling_mean_4,0.0034569327462885546,0.004023153297463314,-0.0005662205511747596,6293911.0,3.1163739507689226e-06,True,0.0005662205511747596
abs_return,0.0029631960877558434,0.003528878456658281,-0.0005656823689024378,6772067.5,0.5540451289719222,False,0.0005656823689024378
log_volume_expanding_mean,0.0006147028656172805,5.6891447632920505e-05,0.00055781141798436,7788950.0,5.784863687895884e-32,True,0.00055781141798436
range_hl_rolling_max_4,0.006143877679626659,0.00669809905916705,-0.000554221379540391,6285605.5,1.991642793207106e-06,True,0.000554221379540391
range_hl_rolling_min_24,0.0032042108336445903,0.0037542630567467014,-0.0005500522231021111,6015618.0,1.1514249485957768e-14,True,0.0005500522231021111
garman_klass_var_rolling_var_24,0.00048043342103486886,0.0010154262836118459,-0.000534992862576977,5252985.5,2.4483213979635453e-58,True,0.000534992862576977
garman_klass_var_rolling_iqr_8,0.001971712914362335,0.0025003067191967823,-0.0005285938048344473,5630676.0,6.347314048601751e-33,True,0.0005285938048344473
garman_klass_var_rolling_var_96,0.0005980088233236274,0.001123501128442469,-0.0005254923051188416,6240010.0,1.4774820575346822e-07,True,0.0005254923051188416
squared_return_rolling_iqr_4,0.0021498946803220685,0.002670624024384331,-0.0005207293440622623,6636976.5,0.37192854732986647,False,0.0005207293440622623
parkinson_var_rolling_max_1,0.008372779602627613,0.008890601937474723,-0.0005178223348471095,6357188.0,7.259637479122148e-05,True,0.0005178223348471095
return_rolling_var_24,3.7506270991564566e-05,0.0005543146574210918,-0.0005168083864295273,4202826.5,3.3747652531967917e-168,True,0.0005168083864295273
range_hl_rolling_ptp_2,0.0010289423541235477,0.0015443695994956695,-0.0005154272453721219,5477995.5,2.658802700586394e-42,True,0.0005154272453721219
garman_klass_var_rolling_mean_96,0.0007206503529835386,0.0012306165349413455,-0.0005099661819578068,6221760.0,4.872464396205103e-08,True,0.0005099661819578068
close_to_vwap_rolling_min_2,0.0008756652129382508,0.0013851767146768317,-0.000509511501738581,7922354.5,5.6712440390170625e-40,True,0.000509511501738581
log_volume_lag_1,-0.0015115885307774842,-0.0010031685167512163,-0.0005084200140262679,6075614.0,1.641166282730245e-12,True,0.0005084200140262679
parkinson_var_rolling_max_2,0.006539946703932738,0.00704822415355172,-0.0005082774496189815,6333336.5,2.3397059393887073e-05,True,0.0005082774496189815
range_hl_lag_3,0.0017291204929979803,0.0022358015481358903,-0.00050668105513791,4603611.0,1.8530799209765057e-119,True,0.00050668105513791
range_pct_rolling_mean_48,0.0017581691150574516,0.0022638351479176986,-0.000505666032860247,6786393.0,0.4537727660155674,False,0.000505666032860247
parkinson_vol,0.01014907880792227,0.010640143975263023,-0.000491065167340753,6658675.5,0.5128510432014589,False,0.000491065167340753
log_volume_lag_2,-0.0002922115612292517,0.00019217588595767378,-0.0004843874471869255,6070472.5,1.0907929077784968e-12,True,0.0004843874471869255
buy_ratio_rolling_ptp_48,-0.0019177501827108388,-0.0024016726042049436,0.0004839224214941047,4315348.5,6.096953640381046e-154,True,0.0004839224214941047
squared_return_rolling_max_24,0.00170672066899325,0.0021869241706974287,-0.00048020350170417865,6567355.0,0.09723842592596783,False,0.00048020350170417865
range_pct_rolling_min_8,0.004355522865098626,0.004835241737749887,-0.0004797188726512608,6449551.5,0.0031513015030999168,True,0.0004797188726512608
abs_return_rolling_ptp_4,0.002918639879555141,0.003397495652528697,-0.00047885577297355564,5606340.0,2.4545656011884668e-34,True,0.00047885577297355564
squared_return_rolling_mean_24,-0.00018494053204733346,0.00028262890271216537,-0.00046756943475949884,6165950.5,1.2852462211957897e-09,True,0.00046756943475949884
range_hl_rolling_iqr_96,0.001110017632452592,0.0015746577830083718,-0.00046464015055577975,6564341.5,0.09081914823528874,False,0.00046464015055577975
log_volume_rolling_max_1,-0.0005159954014306726,-5.675751390481986e-05,-0.0004592378875258527,6123204.0,6.192352835549033e-11,True,0.0004592378875258527
return_rolling_min_24,-0.0011852622675274165,-0.0016405653079237953,0.00045530304039637873,7797731.0,1.8173144101925536e-32,True,0.00045530304039637873
close_to_vwap_rolling_ptp_24,0.0014642080943582892,0.0019104528805263903,-0.00044624478616810104,6214917.5,3.1734746404361734e-08,True,0.00044624478616810104
close_to_vwap_rolling_mean_1,0.0018913230781147643,0.0023352292935424823,-0.00044390621542771797,7071243.0,0.00010466753416872108,True,0.00044390621542771797
abs_return_rolling_iqr_8,0.0027894631532730156,0.0032331323842222327,-0.00044366923094921705,6194942.5,8.891956437784757e-09,True,0.00044366923094921705
close_to_vwap_rolling_max_8,0.0022639183913859997,0.0018206244883870203,0.0004432939029989794,7260873.0,2.4678478246688685e-09,True,0.0004432939029989794
abs_return_rolling_mean_2,0.0007866296996694455,0.0012263586679901696,-0.0004397289683207241,6226752.5,6.625654949375341e-08,True,0.0004397289683207241
garman_klass_var_rolling_min_2,0.0017767092234623482,0.002213206973844853,-0.0004364977503825047,6123283.5,6.229563764836284e-11,True,0.0004364977503825047
range_pct,0.007887779062283067,0.008322252011392032,-0.000434472949108965,6775407.0,0.5297360053075848,False,0.000434472949108965
log_volume_rolling_mean_8,0.00044480983637088537,0.0008792287215690132,-0.00043441888519812785,6277538.0,1.2792100256353815e-06,True,0.00043441888519812785
imbalance_rolling_min_48,-0.001216717517456762,-0.001650552566025046,0.000433835048568284,7119922.0,1.0123278310064718e-05,True,0.000433835048568284
garman_klass_var_rolling_mean_4,0.00197438968449435,0.002408123777527945,-0.000433734093033595,6358339.0,7.65464542016388e-05,True,0.000433734093033595
range_hl_rolling_min_48,0.0015329615680093175,0.0019626767589488495,-0.000429715190939532,5815391.5,3.349894491777523e-23,True,0.000429715190939532
abs_return_rolling_mean_12,0.001536668736937391,0.001956240777132599,-0.00041957204019520784,4614898.0,3.2937412513384933e-118,True,0.00041957204019520784
buy_ratio_rolling_var_48,-0.002094405023936576,-0.0016813248487679013,-0.0004130801751686746,6569741.5,0.10270599864018437,False,0.0004130801751686746
log_volume_rolling_mean_24,0.00035264562710783025,-6.002800862957188e-05,0.00041267363573740213,8009664.0,1.0198842360855293e-45,True,0.00041267363573740213
parkinson_var_rolling_min_1,0.011179459462856341,0.011590924783155208,-0.00041146532029886704,6360771.0,8.557101323594455e-05,True,0.00041146532029886704
squared_return_rolling_mean_12,0.0017181172668663894,0.0021250030806194862,-0.00040688581375309687,6320163.0,1.2169532860989445e-05,True,0.00040688581375309687
range_pct_rolling_min_24,0.001350825066258091,0.001756325275246385,-0.00040550020898829395,6047014.5,1.6265105688270252e-13,True,0.00040550020898829395
range_hl_rolling_ptp_8,0.001029872806112169,0.0014347996489663636,-0.00040492684285419454,5615547.0,8.49043090666674e-34,True,0.00040492684285419454
squared_return_rolling_mean_4,0.002514622341979778,0.00290587579346383,-0.0003912534514840518,6597743.5,0.1854966682367094,False,0.0003912534514840518
close_to_vwap_rolling_var_24,0.0025770056866725112,0.0029677002494739777,-0.0003906945628014665,6375657.0,0.00016678490777350075,True,0.0003906945628014665
range_hl_rolling_iqr_8,0.0008533574384817378,0.0012434449381947983,-0.00039008749971306054,5364603.0,4.707179091277104e-50,True,0.00039008749971306054
range_hl_rolling_max_1,0.015377310520924422,0.014988238004949533,0.00038907251597488854,6893384.5,0.05423850904519099,False,0.00038907251597488854
range_pct_rolling_max_96,-1.3010979449923079e-05,0.0003728378852505701,-0.00038584886470049317,6202328.0,1.4320145823022531e-08,True,0.00038584886470049317
range_hl_rolling_var_48,6.476852309982288e-06,0.0003873462283490127,-0.0003808693760390304,4580484.5,4.836977111294287e-122,True,0.0003808693760390304
squared_return_rolling_var_48,0.00010113900406679904,0.00048067489066599565,-0.0003795358865991966,4699925.0,5.337439446899597e-109,True,0.0003795358865991966
squared_return_rolling_iqr_24,0.0016460710880546357,0.0020186855581146106,-0.00037261447005997495,5281564.5,3.748288057816308e-56,True,0.00037261447005997495
squared_return_rolling_var_8,0.000892301838075853,0.0012644973596464082,-0.00037219552157055516,5032885.5,1.3657247520121941e-76,True,0.00037219552157055516
close_to_vwap_rolling_mean_48,0.0003977915022544625,0.00076875332704355,-0.00037096182478908745,7843039.0,4.2381067951206163e-35,True,0.00037096182478908745
squared_return_rolling_var_96,0.0008596343696104704,0.0012292735051322031,-0.0003696391355217327,5726769.5,1.2068464589545646e-27,True,0.0003696391355217327
garman_klass_var_rolling_var_8,0.0010697626118735348,0.001438409757979577,-0.00036864714610604214,6119234.0,4.4270465697267674e-11,True,0.00036864714610604214
buy_ratio_rolling_iqr_4,-0.0006978949276431593,-0.0003295837806177084,-0.00036831114702545097,6363861.0,9.849070250348811e-05,True,0.00036831114702545097
trades,0.006117768374064187,0.006478226755343298,-0.00036045838127911085,5028222.0,5.378611949026176e-77,True,0.00036045838127911085
return_rolling_var_12,0.003160643023719674,0.003514832069958913,-0.000354189046239239,6199998.5,1.2333463637133983e-08,True,0.000354189046239239
imbalance_rolling_mean_4,0.00018124257660222153,-0.00017187752029643847,0.00035312009689866,7953867.0,5.1922677678082906e-42,True,0.00035312009689866
abs_return_rolling_var_96,0.0005610325286458664,0.0009087273208005305,-0.0003476947921546641,4663166.5,5.972301708013727e-113,True,0.0003476947921546641
range_pct_rolling_var_12,0.0008723912906042627,0.0012101735792902268,-0.00033778228868596414,6297945.5,3.818827337601784e-06,True,0.00033778228868596414
buy_ratio_rolling_min_2,8.81338262687443e-05,-0.00024617459346490633,0.0003343084197336506,7187649.5,2.3643731808809776e-07,True,0.0003343084197336506
close_to_vwap_rolling_max_12,0.0013639121182490693,0.0010303041599341017,0.0003336079583149676,7253853.5,3.9477605861741656e-09,True,0.0003336079583149676
abs_return_rolling_max_8,0.0028899228684658097,0.0032222116690974554,-0.00033228880063164564,6274140.5,1.0594311954499906e-06,True,0.00033228880063164564
parkinson_var_rolling_iqr_96,0.0013176409954387897,0.001646632630395224,-0.00032899163495643427,6519039.5,0.02860117735177669,False,0.00032899163495643427
range_hl_lag_2,0.0007366171996074545,0.001062007541304964,-0.0003253903416975094,4867147.5,5.294265971183733e-92,True,0.0003253903416975094
return_rolling_max_4,0.000593818021487291,0.00027007396914905887,0.0003237440523382321,8275053.0,1.2755269662143405e-65,True,0.0003237440523382321
squared_return_rolling_iqr_12,0.0019606037122910144,0.0022835250482541934,-0.00032292133596317904,6171221.0,1.8396481132686642e-09,True,0.00032292133596317904
log_quote_volume_rolling_min_8,0.0023231026614021983,0.002644298788011023,-0.0003211961266088247,5973175.0,2.661756844775014e-16,True,0.0003211961266088247
abs_return_rolling_max_2,0.0016469145302688752,0.0013315594429732813,0.00031535508729559395,6940823.0,0.014434732591415032,False,0.00031535508729559395
return_rolling_iqr_24,0.0005426087713070123,0.0008564904448635118,-0.00031388167355649954,4291902.5,1.2266995446404675e-156,True,0.00031388167355649954
buy_ratio_rolling_iqr_96,-0.0010436106682798797,-0.0013510094587348724,0.00030739879045499265,7488559.0,2.4761026699271142e-17,True,0.00030739879045499265
squared_return_rolling_ptp_8,0.0013358279714975059,0.0016411965457482783,-0.00030536857425077246,6714873.5,0.9706324829348577,False,0.00030536857425077246
squared_return_rolling_ptp_24,0.0006512237554190406,0.000955174143021504,-0.00030395038760246335,5917853.5,1.4213211920162524e-18,True,0.00030395038760246335
abs_return_rolling_mean_8,0.0013390768376714886,0.0016368013551091897,-0.00029772451743770106,6362712.0,9.348512096952578e-05,True,0.00029772451743770106
parkinson_var_rolling_var_8,0.0005733324655005805,0.0008688912892646217,-0.00029555882376404116,6229205.5,7.69706658319638e-08,True,0.00029555882376404116
range_hl_rolling_min_2,0.001937414931327519,0.002232782718349143,-0.00029536778702162424,6300388.0,4.39321389017459e-06,True,0.00029536778702162424
range_hl_rolling_max_12,0.001919605271386314,0.002213323297152576,-0.00029371802576626206,6304084.0,5.3339464231959545e-06,True,0.00029371802576626206
log_quote_volume_rolling_mean_8,0.00246835271327257,0.0027609070468031646,-0.0002925543335305946,5730897.5,1.986892870872239e-27,True,0.0002925543335305946
garman_klass_var_rolling_min_48,0.0008469417286458075,0.0011374318388634788,-0.0002904901102176714,6019822.5,1.652533215806008e-14,True,0.0002904901102176714
close_to_vwap_rolling_min_12,0.00044946702391999684,0.0007397658583118723,-0.00029029883439187545,4241704.0,3.9403483943298205e-163,True,0.00029029883439187545
range_pct_rolling_var_8,0.0018995253768556144,0.0021879722673681505,-0.00028844689051253604,6833011.0,0.20714668661581714,False,0.00028844689051253604
imbalance_rolling_var_12,-0.001058970397773199,-0.0007757920224154019,-0.00028317837535779707,6299335.5,4.156563032973826e-06,True,0.00028317837535779707
log_close,0.0011554189857335148,0.0014385628201477989,-0.000283143834414284,3929180.0,1.9861025795870886e-206,True,0.000283143834414284
squared_return_rolling_mean_96,0.0017092411747973095,0.001990035079030104,-0.00028079390423279443,6833836.5,0.20389870129371301,False,0.00028079390423279443
abs_return_rolling_max_12,0.0007964145159656275,0.0005174576911490577,0.00027895682481656977,8219352.5,3.8702718511235976e-61,True,0.00027895682481656977
imbalance_rolling_max_96,-0.00027357753399149463,-0.000551554179066272,0.0002779766450747774,7065076.0,0.00013794730976482582,True,0.0002779766450747774
return_rolling_var_96,0.0007405232502093473,0.0010183469882683587,-0.00027782373805901144,6134020.5,1.361662642994233e-10,True,0.00027782373805901144
close_to_vwap_rolling_iqr_96,0.0016955598865130508,0.001971333641283234,-0.0002757737547701832,5435716.5,4.125474267400696e-45,True,0.0002757737547701832
log_volume_rolling_max_12,0.00039240263413814193,0.0006660315954895408,-0.00027362896135139887,6051753.5,6.834390365347824e-14,True,0.00027362896135139887
vwap_log,0.0010094799421096132,0.0012823643952070177,-0.0002728844530974046,4775838.5,2.6258115682507397e-101,True,0.0002728844530974046
abs_return_rolling_var_8,0.0026564445347171304,0.002928196643119807,-0.0002717521084026767,6514190.5,0.024946651436234375,False,0.0002717521084026767
imbalance_rolling_ptp_12,-0.001540166834274012,-0.0012689859718177012,-0.0002711808624563108,6497306.5,0.015187512449897661,False,0.0002711808624563108
return_rolling_var_8,0.0012440115357998478,0.0009742825454388202,0.00026972899036102756,7464500.5,2.3782045171461295e-16,True,0.00026972899036102756
imbalance_rolling_ptp_48,-0.0017529368891452356,-0.0020067548115749773,0.0002538179224297417,5323280.5,3.760925182494718e-53,True,0.0002538179224297417
abs_return_rolling_max_24,0.0009744245791781074,0.0012270183132146273,-0.0002525937340365199,4214584.5,1.1785259484743282e-166,True,0.0002525937340365199
imbalance_rolling_var_48,-0.0022057907874435726,-0.0024563806513105356,0.00025058986386696305,7245086.0,7.0401975443615504e-09,True,0.00025058986386696305
buy_ratio_rolling_max_2,0.00013828764985394045,-0.00011085047075042405,0.0002491381206043645,8352664.5,4.8080273242596875e-74,True,0.0002491381206043645
close_to_vwap_rolling_var_8,0.0011336594024094573,0.0013683779212700932,-0.00023471851886063596,6244925.0,1.974222845567319e-07,True,0.00023471851886063596
squared_return_rolling_iqr_2,0.0023251389963098446,0.002093986659801384,0.0002311523365084605,7181777.5,3.5015827307621294e-07,True,0.0002311523365084605
garman_klass_var_rolling_iqr_24,0.0010251592175435002,0.0012543109036148754,-0.0002291516860713752,5532238.0,7.87389153971563e-39,True,0.0002291516860713752
log_quote_volume_rolling_max_96,0.0012074519589364207,0.0014327368480526609,-0.00022528488911624013,6069359.0,9.967257406331688e-13,True,0.00022528488911624013
parkinson_var_rolling_ptp_24,0.0004292167338103001,0.0006523803036129852,-0.00022316356980268503,6112604.0,2.8232757231045983e-11,True,0.00022316356980268503
range_pct_rolling_var_48,0.0003960864879830575,0.00017768911829206457,0.0002183973696909929,8519242.5,3.4593649760322466e-87,True,0.0002183973696909929
range_pct_rolling_var_4,0.0012226445766825116,0.0014395488543732613,-0.0002169042776907497,6376830.0,0.00017549772558185585,True,0.0002169042776907497
close_to_vwap_rolling_max_2,0.0003623554417220245,0.0005774476994651325,-0.00021509225774310806,7873896.0,5.890927883906231e-37,True,0.00021509225774310806
close_to_vwap_rolling_ptp_48,0.00022028781223712727,0.00043460972446514437,-0.0002143219122280171,5913595.5,9.338922877606084e-19,True,0.0002143219122280171
log_volume_rolling_min_12,-0.000590876462859884,-0.00037844131196701237,-0.00021243515089287168,6652992.0,0.47317865848144114,False,0.00021243515089287168
range_pct_rolling_iqr_24,0.0006136186498296801,0.0008252724006715206,-0.00021165375084184054,7388574.0,1.7471303708891305e-13,True,0.00021165375084184054
close_to_vwap_rolling_ptp_8,0.0011000155886972379,0.0013089681976073627,-0.0002089526089101249,6348398.0,4.138910549531251e-05,True,0.0002089526089101249
illiq_rolling_min_1,2.2580828197034618e-05,0.00023052026269784892,-0.0002079394345008143,6147367.5,3.5153187966300023e-10,True,0.0002079394345008143
return_x_imbalance,0.0004048392781330913,0.00019867334980380724,0.00020616592832928407,7540987.0,1.5414282695880336e-19,True,0.00020616592832928407
close_to_vwap_rolling_iqr_24,0.0008548822045309477,0.0006529278365743937,0.00020195436795655396,8745206.5,6.290255049601341e-110,True,0.00020195436795655396
parkinson_var_rolling_iqr_24,0.00156832104954617,0.0017671848582066626,-0.0001988638086604926,6544255.0,0.055896212626699256,False,0.0001988638086604926
range_hl_rolling_mean_24,0.00046522888154052855,0.00027020357130188736,0.00019502531023864118,6800279.5,0.36709867785128625,False,0.00019502531023864118
log_quote_volume_rolling_max_12,0.0017806912856432682,0.0019733578158461296,-0.0001926665302028614,6169445.5,1.5995245250768236e-09,True,0.0001926665302028614
range_pct_rolling_max_8,0.0009331699030238454,0.0011255516446167443,-0.0001923817415928989,6326955.5,1.7037774784964176e-05,True,0.0001923817415928989
abs_return_rolling_max_96,0.0006721871621482714,0.0008643223790996463,-0.0001921352169513749,5730459.5,1.8496984215476326e-27,True,0.0001921352169513749
squared_return_rolling_ptp_4,0.004824095840935467,0.005015279348064164,-0.0001911835071286977,6949178.5,0.011146325343083812,False,0.0001911835071286977
illiq_rolling_mean_2,0.00042182964588235165,0.0006124058032059768,-0.00019057615732362513,6017269.5,1.3274379195779656e-14,True,0.00019057615732362513
garman_klass_var_rolling_iqr_12,0.000807424358489347,0.0009964206305932543,-0.0001889962721039073,5380607.0,6.466609473670196e-49,True,0.0001889962721039073
range_hl_rolling_min_96,0.000853447240559572,0.0010421780663896574,-0.00018873082583008543,6261522.0,5.195783880392361e-07,True,0.00018873082583008543
range_hl_lag_5,0.0005161858736853673,0.0007042021428778042,-0.00018801626919243695,5785353.5,1.1540352350214357e-24,True,0.00018801626919243695
buy_ratio_rolling_mean_8,0.00012265452478561498,-6.19809622590375e-05,0.0001846354870446525,7298962.5,1.5639578756527517e-10,True,0.0001846354870446525
close_to_vwap_rolling_min_48,8.39393658987003e-05,0.0002679983841983215,-0.0001840590182996212,3824975.5,7.141142587916676e-222,True,0.0001840590182996212
return_rolling_min_48,-9.869227882185601e-05,8.534320500905085e-05,-0.00018403548383090685,5183341.5,7.72206836222736e-64,True,0.00018403548383090685
buy_ratio_rolling_min_24,-0.0005298560677448788,-0.000345880724397523,-0.00018397534334735582,8463700.5,2.0756908985585833e-82,True,0.00018397534334735582
imbalance_rolling_mean_12,0.00026556604262872337,8.274674352255458e-05,0.0001828192991061688,6860923.5,0.1168354655622121,False,0.0001828192991061688
log_volume_rolling_min_24,-0.0019349853129698126,-0.0017522929752941227,-0.00018269233767568985,6353991.0,6.260107122065922e-05,True,0.00018269233767568985
range_pct_rolling_min_48,0.00042914566061548525,0.0006115018901833752,-0.00018235622956788998,6343839.0,3.8109777601671385e-05,True,0.00018235622956788998
return_rolling_min_8,0.00025711098150572425,0.00043944415685546323,-0.00018233317534973898,5229271.0,3.5063184522909673e-60,True,0.00018233317534973898
abs_return_rolling_min_1,0.0008240019162171595,0.00100435785630003,-0.00018035594008287048,6886738.5,0.06404155967521469,False,0.00018035594008287048
range_hl_rolling_max_8,0.0014546718481657566,0.0012745816316769992,0.00018009021648875741,8093182.5,1.2725565930569647e-51,True,0.00018009021648875741
imbalance_rolling_iqr_96,-0.001095985188107372,-0.0009163739427072609,-0.00017961124540011102,7186977.0,1.9164656798333756e-07,True,0.00017961124540011102
range_hl_rolling_iqr_48,0.0008829513202115216,0.0010592681516270303,-0.00017631683141550874,6624917.0,0.3051709879102106,False,0.00017631683141550874
parkinson_var_rolling_var_2,0.00045882600650307847,0.0002873199000860134,0.00017150610641706508,7859130.0,4.62363806354643e-36,True,0.00017150610641706508
close_to_vwap_rolling_min_4,0.000954511472286329,0.0007832217069795723,0.0001712897653067567,6660394.0,0.5250897935571895,False,0.0001712897653067567
range_hl_expanding_var,0.0012588437696788874,0.0014297575360840257,-0.00017091376640513832,4866059.0,4.913780595840288e-93,True,0.00017091376640513832
close_to_vwap_rolling_var_4,7.877584108176697e-05,0.0002473349556585191,-0.00016855911457675215,5111021.0,8.041628241647521e-70,True,0.00016855911457675215
log_volume_rolling_min_96,-0.0002936988449589272,-0.00045846824983440627,0.00016476940487547906,8222762.0,1.784539287293453e-61,True,0.00016476940487547906
buy_ratio_rolling_min_8,-0.0006986439180880754,-0.0005339045321667517,-0.00016473938592132366,6567029.0,0.09659974986134617,False,0.00016473938592132366
garman_klass_var_rolling_max_48,0.00015813252507316036,-5.638153660653829e-06,0.0001637706787338142,8030582.0,3.7502814917862073e-47,True,0.0001637706787338142
imbalance_rolling_max_24,-0.0005726589575914338,-0.00040897939953665746,-0.0001636795580547763,5982813.0,6.071503228703623e-16,True,0.0001636795580547763
abs_return_rolling_mean_48,-0.0006490116775728579,-0.0004868642168856796,-0.00016214746068717826,6238295.5,1.3330235502439167e-07,True,0.00016214746068717826
imbalance_rolling_var_8,-0.000455697302333549,-0.00029518376686074393,-0.00016051353547280508,6340335.0,3.2832187657104015e-05,True,0.00016051353547280508
imbalance_rolling_min_2,0.0001478129855262601,-1.0862473987524482e-05,0.00015867545951378458,7457802.0,4.3392391415139096e-16,True,0.00015867545951378458
log_quote_volume_rolling_mean_96,0.00046530863021140547,0.0006227355139939489,-0.0001574268837825434,4756439.0,4.318625886464092e-103,True,0.0001574268837825434
close_to_vwap_rolling_iqr_48,0.0018028153541583074,0.0019599103442802996,-0.0001570949901219922,6594645.5,0.17444168290340767,False,0.0001570949901219922
squared_return_rolling_max_12,3.7329650084786e-05,0.00019416292995163184,-0.00015683327986684584,5470887.5,6.940064416029731e-44,True,0.00015683327986684584
abs_return_rolling_var_12,0.001509736825347554,0.0016664084780913578,-0.00015667165274380382,6667977.5,0.5808249263520862,False,0.00015667165274380382
return_rolling_ptp_4,0.0007882682806879387,0.0006320071541587153,0.0001562611265292234,6923326.5,0.024197707766052914,False,0.0001562611265292234
garman_klass_var_rolling_min_12,0.0016761786699930317,0.0018317909894294087,-0.00015561231943637694,6568402.5,0.09966845792768113,False,0.00015561231943637694
parkinson_var_rolling_var_96,0.00026736683941062,0.00042217952796014507,-0.00015481268854952506,5236446.0,1.232320132781618e-59,True,0.00015481268854952506
buy_ratio_rolling_max_24,-0.0007325717778387502,-0.000578631359195269,-0.0001539404186434812,6336668.0,2.427256548143546e-05,True,0.0001539404186434812
log_quote_volume_rolling_mean_24,0.0027730288344426784,0.0029262493824746025,-0.00015322054803192401,6686747.5,0.7294125431989273,False,0.00015322054803192401
illiq_rolling_max_2,0.0002981453971203008,0.00044941693151224273,-0.0001512715343919419,6051048.0,2.268041197498132e-13,True,0.0001512715343919419
log_quote_volume_rolling_min_48,0.0013413697683668344,0.0014916702274641246,-0.00015030045909729026,6547884.0,0.06112980784363457,False,0.00015030045909729026
buy_ratio_rolling_ptp_96,-0.0015982723270784006,-0.0017482601034262118,0.0001499877763478112,7333369.0,1.3776389860430867e-11,True,0.0001499877763478112
range_hl_rolling_var_8,0.0011436110442351584,0.001291771243182449,-0.00014816019894729054,6309855.5,7.1969655008851135e-06,True,0.00014816019894729054
log_quote_volume_rolling_max_48,0.0017521814010950476,0.0018994127651146557,-0.00014723136401960813,6288294.5,2.3042775258429246e-06,True,0.00014723136401960813
garman_klass_var_rolling_mean_48,-0.00035323247677727427,-0.00020606291611544175,-0.00014716956066183253,5942466.0,1.5199148746427454e-17,True,0.00014716956066183253
garman_klass_var_rolling_min_96,0.0006980724787350009,0.0008448796023237752,-0.0001468071235887743,6521564.0,0.03067652033903565,False,0.0001468071235887743
log_volume_rolling_mean_4,-0.0007328633862325822,-0.000586524819488845,-0.0001463385667437372,6387786.5,0.00028184679703198505,True,0.0001463385667437372
log_quote_volume_rolling_max_24,0.001434746931085446,0.0012894404816575253,0.00014530644942792065,6961746.0,0.007446480992248157,False,0.00014530644942792065
close_to_vwap_rolling_max_48,0.00011687625063336722,-2.8229434048919525e-05,0.00014510568468228675,7006320.0,0.0015422592229472057,True,0.00014510568468228675
imbalance_rolling_min_24,-0.0003676521214356399,-0.00022797737814224636,-0.00013967474329339355,6153224.0,4.842777678538377e-10,True,0.00013967474329339355
squared_return_rolling_iqr_48,0.0002786831646433645,0.0004183128925989486,-0.0001396297279555841,6201029.5,1.3174377087080306e-08,True,0.0001396297279555841
squared_return_rolling_mean_48,2.5092509678607824e-05,0.0001643670870990745,-0.00013927457742046666,6137449.0,1.7423226849145113e-10,True,0.00013927457742046666
close_to_vwap_rolling_max_4,0.0001137768136699061,-2.3991758118498837e-05,0.00013776857178840493,7199579.5,1.2225841968605144e-07,True,0.00013776857178840493
close_to_vwap_rolling_max_96,0.0007581823829300204,0.000894922635485936,-0.00013674025255591563,6083620.5,2.6555229136888767e-12,True,0.00013674025255591563
garman_klass_var_rolling_iqr_96,0.0008252163654768828,0.0009616195289121455,-0.0001364031634352626,6582214.5,0.13499912364496394,False,0.0001364031634352626
abs_return_rolling_max_48,0.00042369772933373463,0.0002883457458126764,0.00013535198352105824,6876548.5,0.08161481124687162,False,0.00013535198352105824
imbalance_rolling_min_12,-0.00019328322888076892,-6.288987392017982e-05,-0.0001303933549605891,7558820.0,1.7637062932029404e-20,True,0.0001303933549605891
range_pct_rolling_max_4,0.0016884117332313063,0.0018173125233123591,-0.00012890079008105282,6635727.0,0.36461604607573883,False,0.00012890079008105282
buy_ratio_rolling_ptp_12,-0.0016453963979597545,-0.0015165945595880582,-0.0001288018383716963,6418417.5,0.0009841813444460912,True,0.0001288018383716963
range_hl_rolling_max_24,0.0015453623968468715,0.001674085297391951,-0.00012872290054507943,6810336.0,0.3113714703173619,False,0.00012872290054507943
illiq_rolling_mean_24,0.0015176078899104902,0.0016459993429622838,-0.00012839145305179362,6522687.5,0.0316419216297864,False,0.00012839145305179362
imbalance_rolling_iqr_12,-0.00020711799159843137,-8.040103951990963e-05,-0.00012671695207852173,7911278.5,2.4383557538284042e-39,True,0.00012671695207852173
log_quote_volume_rolling_var_24,-0.00022508869920939028,-0.00035103102717662826,0.00012594232796723798,7081490.0,6.548555187637328e-05,True,0.00012594232796723798
imbalance_rolling_iqr_24,-0.0014408626231907314,-0.0013164335571859088,-0.0001244290660048226,6543985.5,0.055518061958385656,False,0.0001244290660048226
return_rolling_iqr_48,0.0005085094408898654,0.0006317881180572972,-0.00012327867716743182,6852134.0,0.14065559068286523,False,0.00012327867716743182
return_rolling_var_48,0.0005908722995283603,0.000714033355187357,-0.00012316105565899672,6024547.0,2.4691939183847503e-14,True,0.00012316105565899672
close_to_vwap_rolling_var_48,0.0011710902058522737,0.001292707934383639,-0.0001216177285313653,6267901.5,7.466123766808563e-07,True,0.0001216177285313653
illiq_rolling_var_12,0.00013972472612580616,0.00026064103372161034,-0.00012091630759580418,4981309.5,2.3245257934581947e-81,True,0.00012091630759580418
imbalance_rolling_ptp_4,-0.0006878022658465283,-0.0005684702933497884,-0.0001193319724967399,5569409.0,1.53638055826306e-36,True,0.0001193319724967399
parkinson_var_rolling_ptp_48,0.0005676158247147188,0.0006856463664330437,-0.00011803054171832491,6485337.5,0.010487623716853772,False,0.00011803054171832491
range_hl_rolling_max_96,0.00021215859523803654,0.00032857663545193556,-0.00011641804021389902,6528337.5,0.03690994660340101,False,0.00011641804021389902
return_rolling_var_2,-0.00015114382832444244,-0.00026705792304317804,0.0001159140947187356,7791056.0,4.368163372023978e-32,True,0.0001159140947187356
range_hl_rolling_mean_1,0.005759485989838462,0.0056440159715398334,0.00011547001829862857,6594910.0,0.17536723529482257,False,0.00011547001829862857
garman_klass_var_rolling_ptp_24,0.00023312465352916072,0.0003481142488479036,-0.00011498959531874289,6567824.5,0.09836807843688881,False,0.00011498959531874289
buy_ratio_rolling_iqr_8,-0.0007385623599772164,-0.0006249501583983376,-0.00011361220157887883,6271265.0,8.079035884911852e-07,True,0.00011361220157887883
garman_klass_var,0.0015353523850634855,0.0016489376144068508,-0.0001135852293433653,6891685.5,0.05661703431849723,False,0.0001135852293433653
range_pct_rolling_max_12,-0.00016394469973092177,-5.225682753103567e-05,-0.00011168787219988609,7281051.5,6.201856683869475e-10,True,0.00011168787219988609
garman_klass_var_rolling_var_48,-6.445080269814615e-05,4.6385336746931755e-05,-0.0001108361394450779,5914351.0,1.0082052086066515e-18,True,0.0001108361394450779
range_hl_rolling_ptp_12,0.0008681100787009252,0.0007586775970461793,0.00010943248165474584,7036087.5,0.0004773264832779089,True,0.00010943248165474584
parkinson_var_rolling_var_24,0.0018396633094157936,0.0019490706720825786,-0.00010940736266678501,6664763.0,0.5568637551021494,False,0.00010940736266678501
abs_return_lag_10,4.9328845849666736e-05,0.00015854047579139623,-0.00010921162994172948,6186684.5,5.16961669344737e-09,True,0.00010921162994172948
imbalance_rolling_var_4,-0.0003671438478031039,-0.00047459710278981783,0.00010745325498671396,5949376.0,2.7144834178345328e-17,True,0.00010745325498671396
return_rolling_ptp_8,0.0016607315748817374,0.0017676377715448589,-0.00010690619666312148,6792405.5,0.41494935948185074,False,0.00010690619666312148
return_rolling_min_96,0.00024876293591002746,0.00035546563238651356,-0.0001067026964764861,6625637.0,0.30892199331627046,False,0.0001067026964764861
garman_klass_var_rolling_ptp_96,-0.00017700908270130194,-7.12153091533779e-05,-0.00010579377354792405,4895123.5,2.4100936403353033e-89,True,0.00010579377354792405
parkinson_var_rolling_mean_1,0.0052303627880435554,0.00533508619092407,-0.00010472340288051468,6769944.5,0.5697778307107431,False,0.00010472340288051468
parkinson_var_rolling_min_48,0.0008666098386939339,0.0009711355732919424,-0.00010452573459800846,6466972.0,0.005725152920607158,True,0.00010452573459800846
log_volume_rolling_ptp_2,-0.00014089135384641094,-3.7005535786553927e-05,-0.00010388581805985701,6113518.5,3.01923634710998e-11,True,0.00010388581805985701
parkinson_var_rolling_max_24,0.00024198021480481365,0.0003449238273945592,-0.00010294361258974554,6192693.0,7.554525947974492e-09,True,0.00010294361258974554
return_expanding_skew,0.000860690671184919,0.0007579708666752951,0.00010271980450962388,7848956.0,1.7306225110366686e-35,True,0.00010271980450962388
log_volume_rolling_iqr_24,-6.636902553585112e-05,3.587628335935776e-05,-0.00010224530889520888,4695844.0,1.9437210932603534e-109,True,0.00010224530889520888
buy_ratio_rolling_max_4,0.00011019143830944454,7.966789191202072e-06,0.00010222464911824246,8630174.0,5.1249490605198785e-98,True,0.00010222464911824246
log_volume_lag_5,1.433537492036945e-05,0.00011624276625268587,-0.00010190739133231642,6691901.0,0.7723688062066079,False,0.00010190739133231642
close_to_vwap_rolling_ptp_4,0.0004228795494346525,0.0005208285595504009,-9.794901011574842e-05,5717995.0,4.172947199587226e-28,True,9.794901011574842e-05
close_to_vwap_rolling_min_96,0.0003291225695996352,0.00042599706651970083,-9.687449692006564e-05,6343912.0,1.7836854051024126e-05,True,9.687449692006564e-05
squared_return_rolling_iqr_8,0.0006453699495316313,0.0005490299212102378,9.63400283213935e-05,7675191.0,7.23882159546883e-26,True,9.63400283213935e-05
buy_ratio_rolling_var_96,-0.003872824159357386,-0.003968705442655823,9.588128329843671e-05,6591865.0,0.16490850567951842,False,9.588128329843671e-05
log_volume_rolling_mean_48,-0.000730277860843519,-0.0006345963958635989,-9.568146497992004e-05,6694597.5,0.7951409202458285,False,9.568146497992004e-05
squared_return_rolling_max_2,0.0013066231959858187,0.0012114554143742582,9.516778161156058e-05,7610421.0,8.846313209986333e-23,True,9.516778161156058e-05
buy_ratio_rolling_min_4,-0.00037206238393541584,-0.0002768988257683284,-9.516355816708742e-05,6489749.0,0.01202276178941782,False,9.516355816708742e-05
garman_klass_var_rolling_max_12,0.0010398255499460887,0.000945129344895223,9.469620505086573e-05,7168577.0,7.453254727158349e-07,True,9.469620505086573e-05
garman_klass_var_rolling_var_4,0.0006141091647093738,0.0005200937838134142,9.401538089595955e-05,7059561.0,0.00017603924638710515,True,9.401538089595955e-05
log_volume_rolling_min_48,-0.0002800060622535961,-0.00018710748593595136,-9.289857631764476e-05,6941016.5,0.014301318571249482,False,9.289857631764476e-05
squared_return,0.003637473674272951,0.0035454559061339143,9.201776813903655e-05,7145335.0,2.682476253263347e-06,True,9.201776813903655e-05
illiq_expanding_mean,-0.00037665097973821956,-0.00046644732873970336,8.97963490014838e-05,7338578.0,8.648813111522444e-12,True,8.97963490014838e-05
squared_return_rolling_max_48,0.0009493293921435874,0.0010380750341989443,-8.87456420553569e-05,6469487.5,0.0062642635402047325,True,8.87456420553569e-05
parkinson_var_rolling_max_4,0.002288545497135671,0.002200023699687853,8.852179744781811e-05,7414734.5,1.9429674532964813e-14,True,8.852179744781811e-05
range_hl_rolling_iqr_2,0.00031197321239618105,0.000400406930739062,-8.843371834288096e-05,6087968.0,4.261895052617418e-12,True,8.843371834288096e-05
parkinson_var_rolling_iqr_48,0.0008983891660382365,0.0009863611938590263,-8.79720278207898e-05,6969025.0,0.005848055246043627,True,8.79720278207898e-05
abs_return_rolling_ptp_12,0.0006756699085431726,0.0007635395803465232,-8.786967180335055e-05,6427332.0,0.001389792780080774,True,8.786967180335055e-05
squared_return_rolling_max_4,0.0031600054166619836,0.0030736766228682466,8.6328793793737e-05,7119801.5,1.0187816104650905e-05,True,8.6328793793737e-05
return_rolling_iqr_4,0.0001245577189842919,0.00020961918123580645,-8.506146225151454e-05,6219017.5,4.0813320083057965e-08,True,8.506146225151454e-05
return_rolling_min_12,0.0003791839510778133,0.0002949896785277805,8.419427255003278e-05,7013815.5,0.001160528086849498,True,8.419427255003278e-05
range_pct_rolling_var_96,-9.913224318886168e-05,-0.00018306135898062142,8.392911579175974e-05,7224405.0,2.656503744455712e-08,True,8.392911579175974e-05
range_pct_rolling_min_96,0.0011090951639845911,0.0011929807754299125,-8.388561144532136e-05,6461845.5,0.004834191015506394,True,8.388561144532136e-05
abs_return_rolling_min_2,4.4090161391218227e-05,0.0001271773797123418,-8.308721832112358e-05,7230622.5,1.7771002757648066e-08,True,8.308721832112358e-05
squared_return_rolling_max_8,0.00275579204724249,0.0028387751535282656,-8.298310628577577e-05,6704237.5,0.8778465755492862,False,8.298310628577577e-05
illiq_rolling_iqr_4,0.00013518954369357903,0.00021318260255428085,-7.799305886070182e-05,5800181.5,6.157795721337073e-24,True,7.799305886070182e-05
log_volume_rolling_max_8,4.406229985876068e-05,0.00012184050248286867,-7.777820262410799e-05,6149335.0,4.03585914781979e-10,True,7.777820262410799e-05
squared_return_rolling_ptp_96,0.0004996564007782487,0.000576638212869233,-7.698181209098425e-05,6827893.5,0.22811690600450607,False,7.698181209098425e-05
buy_ratio_rolling_var_4,-0.000385048705293054,-0.0004619479085703184,7.689920327726439e-05,6919854.5,0.026696064426832734,False,7.689920327726439e-05
range_hl_rolling_min_1,0.008416256340914847,0.00833972760222535,7.652873868949778e-05,6755457.0,0.682416491787321,False,7.652873868949778e-05
imbalance_rolling_var_96,0.00011575246071689688,4.030996621143847e-05,7.544249450545842e-05,7590510.0,7.170019202629047e-22,True,7.544249450545842e-05
illiq_rolling_max_48,-0.00010279924227397844,-2.941393397320032e-05,-7.338530830077813e-05,6347164.0,4.546792998088314e-05,True,7.338530830077813e-05
range_hl_rolling_ptp_4,0.0013374186446188326,0.0014104442176037216,-7.302557298488892e-05,6668739.0,0.5865390252670555,False,7.302557298488892e-05
illiq_rolling_iqr_2,0.00011103918675351113,0.00018389767083145278,-7.285848407794166e-05,6195603.0,9.254959950266563e-09,True,7.285848407794166e-05
return_rolling_iqr_2,-0.00013256963876061412,-0.00020518672457866107,7.261708581804695e-05,7398288.0,7.729568045304145e-14,True,7.261708581804695e-05
parkinson_var_rolling_ptp_12,0.0010903801601669229,0.0011626817420276815,-7.230158186075867e-05,6796587.5,0.38914270736941414,False,7.230158186075867e-05
illiq_rolling_var_96,-9.429018780691478e-05,-0.000166469388900928,7.217920109401321e-05,7265522.0,1.7754981484528287e-09,True,7.217920109401321e-05
range_pct_rolling_ptp_4,0.0004229427162176001,0.000494990823074149,-7.204810685654896e-05,6398597.5,0.0004437008460609398,True,7.204810685654896e-05
range_pct_rolling_ptp_12,1.8053536133476495e-06,-6.951142427913657e-05,7.131677789248423e-05,7565698.0,1.1442174973210512e-20,True,7.131677789248423e-05
buy_ratio_rolling_min_96,-0.0015390664057671403,-0.0014677557629401343,-7.131064282700603e-05,6577916.0,0.12309178120953511,False,7.131064282700603e-05
garman_klass_var_rolling_max_24,0.0002076900901404286,0.00013648824356319296,7.120184657723565e-05,6969938.0,0.00567072284704441,True,7.120184657723565e-05
log_volume_rolling_iqr_48,-0.0004315611801417009,-0.00036191994062524207,-6.964123951645881e-05,6184815.5,4.574707766847398e-09,True,6.964123951645881e-05
illiq,7.434675731626261e-05,0.0001433804086981053,-6.90336513818427e-05,5641116.5,1.989332140642672e-32,True,6.90336513818427e-05
log_volume_expanding_var,0.00019936277774264366,0.0002673377272674036,-6.797494952475995e-05,5406415.5,3.4463928811789695e-47,True,6.797494952475995e-05
log_volume_expanding_skew,7.657740079043277e-06,7.506184602751183e-05,-6.740410594846855e-05,4633528.5,1.1660931782557637e-120,True,6.740410594846855e-05
buy_ratio_rolling_max_12,-0.00022561319042812365,-0.000158392099893364,-6.722109053475966e-05,6543706.0,0.054898435140667515,False,6.722109053475966e-05
return_expanding_var,-0.00024109609118367682,-0.0003072292418003456,6.613315061666878e-05,6917094.0,0.028839459946297115,False,6.613315061666878e-05
buy_ratio_lag_1,-0.0002143512686179178,-0.0001486529031899647,-6.569836542795311e-05,6726898.5,0.9240327456218183,False,6.569836542795311e-05
imbalance_rolling_min_8,-0.0006421642015287493,-0.0005767009651880892,-6.546323634066013e-05,6686852.0,0.7302754297201659,False,6.546323634066013e-05
garman_klass_var_rolling_iqr_48,0.0004949667021887804,0.0004301452574536338,6.482144473514661e-05,7097318.5,3.0989844651933504e-05,True,6.482144473514661e-05
imbalance_rolling_var_24,-0.0016809273294523103,-0.0017449906750239604,6.406334557165013e-05,6398598.5,0.00041913870445175273,True,6.406334557165013e-05
illiq_rolling_mean_1,5.479085819204413e-06,6.930579364475126e-05,-6.382670782554685e-05,6274755.5,1.0926649122389053e-06,True,6.382670782554685e-05
abs_return_rolling_ptp_2,0.000532804486686552,0.000596521063723694,-6.371657703714204e-05,7622145.0,2.9580909291550126e-23,True,6.371657703714204e-05
range_pct_rolling_var_24,0.00025588411396475,0.0001923911891485531,6.349292481619691e-05,7111057.5,1.5796548428546685e-05,True,6.349292481619691e-05
buy_ratio_rolling_max_48,0.00013601290224747888,0.0001994578460185291,-6.344494377105023e-05,5348854.0,2.959646457594912e-51,True,6.344494377105023e-05
buy_ratio_rolling_mean_48,1.8270259077549195e-05,-4.494978308486806e-05,6.322004216241726e-05,5470994.5,3.1530565597159377e-43,True,6.322004216241726e-05
imbalance_lag_1,-0.0003188635085976172,-0.00025611408721064137,-6.274942138697584e-05,8034321.0,4.46205801024698e-48,True,6.274942138697584e-05
illiq_rolling_ptp_2,8.484284444809669e-05,0.00014756063915808014,-6.271779470998345e-05,6207390.5,1.9788682565104884e-08,True,6.271779470998345e-05
garman_klass_var_rolling_var_12,-0.00011281426958074765,-0.0001752649141528941,6.245064457214644e-05,7046158.5,0.0003076050928550134,True,6.245064457214644e-05
buy_ratio_rolling_iqr_48,-0.0004315994778294834,-0.0004936913830643642,6.209190523488077e-05,7102494.0,1.993902422560725e-05,True,6.209190523488077e-05
log_volume_rolling_max_24,-0.00013574227539922673,-7.495308126588179e-05,-6.078919413334494e-05,6687978.0,0.7394373242831374,False,6.078919413334494e-05
illiq_rolling_ptp_48,0.00031114844289991376,0.0003718924222964397,-6.074397939652594e-05,5913433.0,9.140598879529046e-19,True,6.074397939652594e-05
range_hl_rolling_var_24,-4.2490468566759484e-05,1.6194267121232944e-05,-5.868473568799243e-05,5375544.5,2.388349725468837e-49,True,5.868473568799243e-05
buy_ratio_rolling_mean_24,-0.00020660358519787649,-0.00014799141278295337,-5.861217241492312e-05,7577349.5,1.8790239837256033e-21,True,5.861217241492312e-05
close_to_vwap_lag_2,4.454676896958498e-05,0.0001030610711723568,-5.8514302202771816e-05,8342056.5,8.51572921554817e-72,True,5.8514302202771816e-05
abs_return_rolling_ptp_96,-3.851825180252634e-05,1.983613515470877e-05,-5.835438695723511e-05,6634984.0,0.3601892875019034,False,5.835438695723511e-05
log_quote_volume_expanding_skew,-0.0015731250518804384,-0.0015151548670976171,-5.7970184782821276e-05,6535927.0,0.04512833511201173,False,5.7970184782821276e-05
buy_ratio_rolling_ptp_4,-0.00030507101326963416,-0.00036219106695697495,5.712005368734078e-05,7331207.0,1.540111814684874e-11,True,5.712005368734078e-05
parkinson_var_rolling_min_96,0.0004968950749702442,0.0005532230494383233,-5.632797446807904e-05,6303998.5,5.310298704986623e-06,True,5.632797446807904e-05
log_quote_volume_rolling_iqr_2,-4.865804929209059e-05,7.607446193162864e-06,-5.626549548525346e-05,6723205.0,0.9562406407359086,False,5.626549548525346e-05
parkinson_var_rolling_iqr_2,0.0001701917399490499,0.00022558901981689175,-5.5397279867841845e-05,6313175.0,8.535344993124462e-06,True,5.5397279867841845e-05
abs_return_rolling_var_24,0.0005993457839212627,0.0006546124856441815,-5.526670172291881e-05,6848795.0,0.1512848011060189,False,5.526670172291881e-05
illiq_rolling_ptp_12,0.0001554821045171819,0.00021045000045078605,-5.496789593360414e-05,6291546.5,2.731392139271001e-06,True,5.496789593360414e-05
squared_return_rolling_ptp_12,0.0004668489087286626,0.0004125666140376401,5.428229469102251e-05,7070525.5,0.00010810396250459498,True,5.428229469102251e-05
abs_return_rolling_ptp_24,0.0002375522353011235,0.00029169363228533107,-5.414139698420756e-05,6402611.0,0.0005233653638661679,True,5.414139698420756e-05
illiq_rolling_iqr_12,8.613776998875188e-05,0.0001402219579870608,-5.4084187998308916e-05,6258783.0,4.338864472617989e-07,True,5.4084187998308916e-05
squared_return_rolling_mean_8,0.00042102953791736404,0.00036699445813972114,5.40350797776429e-05,8074332.5,3.0474587050673433e-50,True,5.40350797776429e-05
range_hl_expanding_skew,3.580799098552171e-05,8.95747041669328e-05,-5.3766713181411096e-05,5994481.5,1.8118151595498243e-15,True,5.3766713181411096e-05
illiq_rolling_mean_12,7.203543485207304e-05,0.0001240946359310002,-5.2059201078927174e-05,5834789.0,2.5993734754801516e-22,True,5.2059201078927174e-05
parkinson_var_rolling_ptp_96,2.679617592416485e-05,7.879504477654245e-05,-5.1998868852377603e-05,6329326.0,1.9021799459604806e-05,True,5.1998868852377603e-05
illiq_rolling_max_12,-1.3383905114244069e-06,5.0134621354788576e-05,-5.147301186621298e-05,6020182.5,1.1243770156188006e-14,True,5.147301186621298e-05
illiq_rolling_min_24,0.00017350841676718717,0.00012207725284552677,5.14311639216604e-05,6989448.0,0.0028765948908699786,True,5.14311639216604e-05
return_lag_3,0.0001625262852320852,0.00021230864856693348,-4.978236333484827e-05,7341544.0,7.098502388545627e-12,True,4.978236333484827e-05
squared_return_rolling_ptp_2,0.0005823356216682658,0.0005326136965260263,4.9721925142239476e-05,7013407.0,0.001178975683601238,True,4.9721925142239476e-05
parkinson_var_rolling_ptp_8,0.0005702929416779125,0.000619998582749578,-4.970564107166552e-05,7151787.5,1.8917017722251768e-06,True,4.970564107166552e-05
range_pct_rolling_iqr_4,0.0013647359033135858,0.0013160486128345518,4.8687290479034005e-05,6804651.5,0.34221084846277705,False,4.8687290479034005e-05
garman_klass_var_rolling_ptp_4,0.001930452723144989,0.0019787928321075058,-4.834010896251676e-05,6377020.0,0.00017706691698109804,True,4.834010896251676e-05
log_quote_volume_rolling_var_12,0.00022306260505290662,0.0002709999276896587,-4.79373226367521e-05,6524770.0,0.033472019686203114,False,4.79373226367521e-05
illiq_rolling_max_8,0.000144853994377174,0.0001921633523390408,-4.730935796186682e-05,6397974.0,0.00043153032376886795,True,4.730935796186682e-05
range_hl_rolling_max_48,0.00030741812866286975,0.00035448604147806024,-4.706791281519049e-05,6121346.5,5.284563680727045e-11,True,4.706791281519049e-05
abs_return_rolling_min_12,1.9257555068582974e-05,6.618080809106687e-05,-4.69232530224839e-05,6120456.5,5.059005345626477e-11,True,4.69232530224839e-05
parkinson_var_rolling_var_48,-0.00023825257833358043,-0.00028480692827698964,4.655434994340921e-05,7327452.0,2.154744008813015e-11,True,4.655434994340921e-05
imbalance_rolling_min_96,-0.0007217013147472699,-0.0006753810318013906,-4.632028294587927e-05,6401303.0,0.0004910908390906759,True,4.632028294587927e-05
return_rolling_max_96,0.0010924751961579676,0.0010468229015374436,4.5652294620523916e-05,7036599.5,0.0004673602377348514,True,4.5652294620523916e-05
log_volume_lag_10,-7.20008626774973e-05,-2.7490964672430193e-05,-4.450989800506711e-05,7125304.5,5.170941562058312e-06,True,4.450989800506711e-05
squared_return_rolling_var_4,0.003463928388304155,0.0034212435961592145,4.268479214494065e-05,7140066.5,3.554767417155476e-06,True,4.268479214494065e-05
illiq_rolling_ptp_4,0.0001543238546657285,0.00011174582986590329,4.257802479982522e-05,6980162.0,0.003617816146595979,True,4.257802479982522e-05
squared_return_rolling_min_2,6.125682507087311e-06,4.869103422356365e-05,-4.256535171647634e-05,7682277.0,3.0049091872005295e-26,True,4.256535171647634e-05
range_hl_rolling_iqr_4,0.0010819811994185501,0.0011239713649040708,-4.199016548552068e-05,7043259.0,0.00035311624888224375,True,4.199016548552068e-05
log_volume_rolling_ptp_24,-0.000150971349074397,-0.00019234059378485174,4.136924471045473e-05,7095091.5,3.399445450942092e-05,True,4.136924471045473e-05
imbalance_rolling_iqr_48,0.00027479466409759075,0.0002337421856167092,4.105247848088154e-05,7396443.5,7.475626684082251e-14,True,4.105247848088154e-05
parkinson_var_rolling_ptp_2,0.0013183347162560215,0.0012780114642979342,4.03232519580873e-05,6830812.0,0.2159750030684352,False,4.03232519580873e-05
garman_klass_var_rolling_max_8,3.6294334633819984e-05,-3.9005317210544e-06,4.0194866354874385e-05,7415814.5,6.306028264066069e-15,True,4.0194866354874385e-05
squared_return_rolling_min_24,-6.197698959214879e-06,3.3921283804488566e-05,-4.011898276370344e-05,5265653.5,8.012441322403522e-71,True,4.011898276370344e-05
buy_ratio_rolling_iqr_24,-0.00044509754132266663,-0.00048513689328462747,4.003935196196084e-05,6943910.5,0.012763879792731107,False,4.003935196196084e-05
imbalance_rolling_mean_96,-7.567173523233977e-05,-3.573216574447079e-05,-3.993956948786898e-05,6932904.5,0.01535917662835983,False,3.993956948786898e-05
range_hl_rolling_iqr_12,0.0010057966874085077,0.0010456380157810173,-3.984132837250962e-05,6640566.0,0.39342649527481366,False,3.984132837250962e-05
log_quote_volume_rolling_mean_48,0.0006118625210049335,0.0006514471961626688,-3.9584675157735227e-05,6113802.5,2.5013034094891533e-11,True,3.9584675157735227e-05
range_hl_rolling_ptp_96,0.0002893903015301175,0.0003270217076847025,-3.7631406154585e-05,7175907.5,4.911430066426038e-07,True,3.7631406154585e-05
illiq_rolling_iqr_24,0.0002600057349748106,0.00029752494110893527,-3.751920613412465e-05,6121749.5,4.979242793526853e-11,True,3.751920613412465e-05
squared_return_rolling_max_96,-0.00016620127359401882,-0.00012878204304233535,-3.741923055168347e-05,6403854.0,0.0005329022618216925,True,3.741923055168347e-05
body_fraction,0.0001752992630012914,0.0001384434297092092,3.68558332920822e-05,6958702.0,0.008223915261401265,False,3.68558332920822e-05
log_quote_volume_rolling_ptp_24,-0.00011704508011783652,-8.032371078881224e-05,-3.6721369329024276e-05,5523682.5,2.2900985758759798e-39,True,3.6721369329024276e-05
log_volume_rolling_mean_96,1.5443809539410118e-05,-2.1239573675000385e-05,3.66833832144105e-05,6744336.5,0.7697608633512842,False,3.66833832144105e-05
log_volume_rolling_var_8,-2.0840583797342862e-05,1.5347378849253164e-05,-3.618796264659603e-05,6687542.5,0.7359816258023995,False,3.618796264659603e-05
squared_return_rolling_max_1,0.0031438142916831104,0.003107961503297895,3.5852788385215464e-05,6963537.5,0.007020383153591369,False,3.5852788385215464e-05
garman_klass_var_rolling_var_2,0.0002716738689978633,0.00023628569080276209,3.538817819510122e-05,6666831.0,0.5721805051054569,False,3.538817819510122e-05
range_hl_rolling_mean_48,0.00019987547185126414,0.00023519958581927672,-3.532411396801259e-05,6059855.5,4.489802206189432e-13,True,3.532411396801259e-05
range_pct_rolling_ptp_96,0.00013435696846530524,0.00010039966758991705,3.395730087538819e-05,6649378.5,0.4488003848699694,False,3.395730087538819e-05
imbalance_rolling_mean_24,-9.624516640797551e-06,-4.3178672813952744e-05,3.355415617315519e-05,6811986.5,0.30089075598517423,False,3.355415617315519e-05
return_expanding_mean,-9.927396325576432e-08,3.335664362489844e-05,-3.34559175881542e-05,6137630.5,1.1150021568769916e-10,True,3.34559175881542e-05
abs_return_rolling_var_2,0.0002960069842139376,0.00026289396850019876,3.311301571373883e-05,7310295.5,7.542061629384025e-11,True,3.311301571373883e-05
return_rolling_ptp_24,0.00023788281954139424,0.0002052373785806844,3.264544096070985e-05,7247265.0,6.083420939105326e-09,True,3.264544096070985e-05
illiq_rolling_var_4,0.00028025297759143254,0.00031280585034266226,-3.255287275122972e-05,6588646.0,0.15444562371329196,False,3.255287275122972e-05
return_rolling_ptp_48,0.0001268008085483829,9.45764313069779e-05,3.222437724140499e-05,6517717.5,0.02749331301659795,False,3.222437724140499e-05
range_pct_rolling_iqr_8,0.0004817779801077536,0.0005134875481454256,-3.170956803767201e-05,6255722.0,3.7206781816616457e-07,True,3.170956803767201e-05
log_open,0.001822734758188524,0.0017912781083570155,3.14566498315085e-05,6890226.0,0.058725042376334864,False,3.14566498315085e-05
dow_cos,5.581839021473084e-05,2.4423741994657075e-05,3.1394648220073766e-05,4510900.5,2.683757336488514e-131,True,3.1394648220073766e-05
illiq_rolling_min_8,0.00012111872268955341,0.0001520899387738133,-3.0971216084259886e-05,6339775.5,3.196777850505996e-05,True,3.0971216084259886e-05
log_quote_volume_rolling_ptp_2,-1.6689631314582536e-05,-4.756660225984303e-05,3.087697094526049e-05,6835540.0,0.1973113792824419,False,3.087697094526049e-05
illiq_rolling_mean_48,0.0003178235605269696,0.0002872889029649164,3.053465756205318e-05,6831606.5,0.21275062549951862,False,3.053465756205318e-05
range_pct_rolling_max_48,-2.9279866161255487e-05,-5.97795219412379e-05,3.0499655779982414e-05,6814056.5,0.2922725760168903,False,3.0499655779982414e-05
squared_return_rolling_var_24,0.0020678091367035065,0.0020981451529843618,-3.03360162808553e-05,6579041.5,0.1261289247486727,False,3.03360162808553e-05
parkinson_var_rolling_iqr_8,0.0029460344578779475,0.00291608072012202,2.9953737755927627e-05,6972689.0,0.0051667938293000195,True,2.9953737755927627e-05
parkinson_var_rolling_mean_48,-0.0003353756104698717,-0.00036504184970412274,2.966623923425103e-05,6894292.0,0.052985035840810865,False,2.966623923425103e-05
return_rolling_ptp_2,-3.631974334727624e-05,-6.591433148366016e-05,2.9594588136383922e-05,6780630.0,0.49243262768836404,False,2.9594588136383922e-05
garman_klass_var_rolling_max_96,1.286722110743311e-05,-1.6132007642286466e-05,2.8999228749719577e-05,7067850.5,0.00012190682685745236,True,2.8999228749719577e-05
return_lag_1,0.00022021401096055737,0.00019157152468062376,2.8642486279933612e-05,7257036.0,3.1939311617363035e-09,True,2.8642486279933612e-05
garman_klass_var_rolling_iqr_4,0.0009601653611497803,0.0009879339848088856,-2.7768623659105217e-05,6891399.0,0.05702421840683569,False,2.7768623659105217e-05
abs_return_rolling_max_1,0.002800154970206999,0.0028278565304903727,-2.7701560283373717e-05,6910603.0,0.03450240685179335,False,2.7701560283373717e-05
range_hl_lag_10,0.0008410341476852105,0.0008684502814777274,-2.7416133792516938e-05,7021483.0,0.0008561966842162814,True,2.7416133792516938e-05
log_volume_rolling_ptp_4,4.5091011901324814e-05,1.8079040944321058e-05,2.7011970957003756e-05,7486526.5,2.9432110676379984e-17,True,2.7011970957003756e-05
buy_ratio_rolling_ptp_24,-0.0007689265197612935,-0.0007421885128429259,-2.673800691836768e-05,6693641.5,0.7870386155864186,False,2.673800691836768e-05
buy_ratio_rolling_max_96,-0.00011310021625556653,-8.653246125143398e-05,-2.6567755004132542e-05,6189990.0,4.419601683995306e-09,True,2.6567755004132542e-05
abs_return_rolling_iqr_12,0.00015924961863218048,0.00018551891655713642,-2.6269297924955934e-05,5911347.5,6.6647476230922935e-19,True,2.6269297924955934e-05
range_hl_rolling_iqr_24,0.0007551192549794802,0.0007291553555998404,2.5963899379639823e-05,5634474.0,6.271818282072748e-34,True,2.5963899379639823e-05
close_to_vwap_rolling_iqr_2,1.9438052629454925e-05,4.5167017000018285e-05,-2.572896437056336e-05,6489245.0,0.011846927073365543,False,2.572896437056336e-05
return_lag_2,-9.474114968865644e-05,-0.00012003856287437534,2.52974131857189e-05,6891705.0,0.05495179292701702,False,2.52974131857189e-05
buy_ratio_lag_3,-0.00020022412237759825,-0.00017492732473978518,-2.5296797637813068e-05,6621818.5,0.28904491164710866,False,2.5296797637813068e-05
parkinson_var_rolling_iqr_4,0.002476235245897784,0.0025013446878278207,-2.5109441930036558e-05,6837673.5,0.18928779782757255,False,2.5109441930036558e-05
close_to_vwap_rolling_mean_96,0.00023449573902124953,0.00025770086694075695,-2.3205127919507417e-05,6251643.0,2.9359986556353956e-07,True,2.3205127919507417e-05
buy_ratio_rolling_ptp_2,-0.0005298757995902617,-0.0005067825659179531,-2.309323367230857e-05,6476783.0,0.007968648639575571,False,2.309323367230857e-05
imbalance_rolling_iqr_2,-0.00010515355889324625,-0.00012783163866019284,2.267807976694659e-05,6837188.0,0.17633673719517395,False,2.267807976694659e-05
squared_return_rolling_var_12,3.4073080508592215e-05,1.1503762475203884e-05,2.256931803338833e-05,6900089.5,0.02906064510848711,False,2.256931803338833e-05
range_pct_rolling_iqr_12,2.5578847111166063e-05,3.4614963755156016e-06,2.2117350735650462e-05,6896587.0,0.04910503639076103,False,2.2117350735650462e-05
abs_return_lag_3,7.743432305820073e-05,9.949147460872876e-05,-2.2057151550528023e-05,6248426.0,1.0725320286993559e-07,True,2.2057151550528023e-05
squared_return_rolling_min_96,2.0679186862379224e-05,4.266555333119134e-05,-2.1986366468812113e-05,6907749.0,0.03726999083772236,False,2.1986366468812113e-05
garman_klass_var_rolling_ptp_48,-2.334057386323434e-06,-2.4292160172722556e-05,2.195810278639912e-05,9920100.0,4.76928212755601e-281,True,2.195810278639912e-05
range_hl_expanding_mean,8.069213853331021e-05,5.874512119011858e-05,2.1947017343191626e-05,6234742.0,3.213642485852292e-08,True,2.1947017343191626e-05
log_volume_rolling_iqr_96,0.00016753315692440122,0.00018946589894735676,-2.1932742022955537e-05,6019909.5,1.5681542561750772e-14,True,2.1932742022955537e-05
buy_ratio_rolling_var_2,-0.000223419698383924,-0.0002452427232220138,2.1823024838089807e-05,7140793.5,3.394224937313825e-06,True,2.1823024838089807e-05
dow_sin,0.0007188535238453817,0.0006972327245775671,2.1620799267814557e-05,7051293.5,0.0002510073794925972,True,2.1620799267814557e-05
upper_wick,0.0007121603125061876,0.0006905747289799015,2.1585583526286065e-05,7953016.5,6.049546450939142e-42,True,2.1585583526286065e-05
range_hl_rolling_ptp_48,6.655749020038383e-05,8.771007137785809e-05,-2.115258117747426e-05,6571181.0,0.1060272861521306,False,2.115258117747426e-05
range_pct_rolling_max_24,0.0004958655408637472,0.000516877669697187,-2.1012128833439842e-05,6385775.5,0.0002542385733965067,True,2.1012128833439842e-05
parkinson_var_rolling_max_48,-3.785600565052144e-05,-1.68946081856226e-05,-2.0961397464898838e-05,6149783.5,4.181015175655718e-10,True,2.0961397464898838e-05
imbalance_rolling_max_48,-0.0005224807365389471,-0.0005432489446932349,2.0768208154287753e-05,6721071.5,0.9750404741457115,False,2.0768208154287753e-05
range_hl_rolling_ptp_24,0.0002829312027764187,0.00030358493368536847,-2.0653730908949772e-05,6122810.5,4.595478789006375e-11,True,2.0653730908949772e-05
abs_return_rolling_iqr_48,0.0005226426361835761,0.0005021890661604506,2.045357002312552e-05,7040281.5,0.0004006850688255281,True,2.045357002312552e-05
buy_ratio_rolling_max_8,1.4701416546633628e-06,-1.873540296955365e-05,2.0205544624217012e-05,7697214.0,6.780352549626747e-28,True,2.0205544624217012e-05
buy_ratio_rolling_iqr_2,-0.00043260830960823777,-0.0004126577666081071,-1.995054300013067e-05,7170799.0,6.571228660111699e-07,True,1.995054300013067e-05
range_hl_rolling_var_2,0.0005457683482574024,0.0005656865482461563,-1.9918199988753918e-05,6818638.5,0.2696657723842131,False,1.9918199988753918e-05
close_to_vwap_rolling_var_12,5.7037159513413217e-05,3.727837183750131e-05,1.9758787675911905e-05,6759990.5,0.6214916403655908,False,1.9758787675911905e-05
buy_ratio_rolling_var_12,-0.00041522879448614524,-0.00039579118299143835,-1.943761149470689e-05,6800496.5,0.3500835125920112,False,1.943761149470689e-05
log_volume_rolling_iqr_4,-1.0255776034521475e-05,8.976533752832692e-06,-1.9232309787354167e-05,4643858.0,4.184035083078135e-115,True,1.9232309787354167e-05
log_volume_rolling_var_96,-0.0001844176306851573,-0.00020317514331126468,1.8757512626107385e-05,6338770.5,3.0430685359785324e-05,True,1.8757512626107385e-05
illiq_rolling_min_4,7.022901954071758e-05,8.891424591235193e-05,-1.8685226371634357e-05,6419315.0,0.001019924294562089,True,1.8685226371634357e-05
log_volume_rolling_ptp_48,-0.00012538504832880254,-0.00010677096373163151,-1.8614084597171033e-05,4672470.0,1.8185713476894974e-112,True,1.8614084597171033e-05
garman_klass_var_rolling_ptp_12,0.0012010279480588048,0.0011825067037003606,1.8521244358444145e-05,6920790.0,0.02600342080934732,False,1.8521244358444145e-05
parkinson_var_rolling_iqr_12,0.0005120173410063994,0.000530438184174649,-1.8420843168249633e-05,6623327.5,0.2968384384486997,False,1.8420843168249633e-05
illiq_rolling_min_12,0.0002884102622781974,0.00030636656780391454,-1.7956305525717155e-05,5367881.0,8.042370782537271e-50,True,1.7956305525717155e-05
buy_ratio_rolling_iqr_12,9.270667179245243e-05,0.00011051331907535542,-1.780664728290299e-05,6474468.0,0.00011701324707237834,True,1.780664728290299e-05
close_to_vwap_rolling_ptp_2,7.368857562568727e-05,5.610017228591357e-05,1.7588403339773698e-05,6672808.5,0.5936900714372213,False,1.7588403339773698e-05
range_pct_rolling_iqr_48,0.00011265551661651407,9.553266005499981e-05,1.7122856561514253e-05,6816170.0,0.281563784475511,False,1.7122856561514253e-05
illiq_expanding_skew,0.0004976343083421732,0.0005147289599275837,-1.709465158541046e-05,6556375.0,0.07529816289520395,False,1.709465158541046e-05
illiq_rolling_ptp_96,6.612738327615696e-07,1.7747327321955464e-05,-1.7086053489193894e-05,6410751.0,0.0007226354352513844,True,1.7086053489193894e-05
return_rolling_max_24,0.0001987587580012288,0.000181993545759896,1.676521224133282e-05,6413607.0,0.0008149877253278126,True,1.676521224133282e-05
parkinson_var_rolling_var_4,0.0016063872998778263,0.0015899620470891298,1.6425252788696476e-05,6970424.0,0.005578918571635524,True,1.6425252788696476e-05
log_volume_rolling_var_48,-0.0002130903778001482,-0.0002293205520237599,1.623017422361172e-05,6788559.5,0.43890414283070345,False,1.623017422361172e-05
close_to_vwap_lag_5,3.3149648075008796e-05,4.9112353788431073e-05,-1.5962705713422278e-05,6482145.5,0.008261214052229439,False,1.5962705713422278e-05
log_quote_volume_rolling_iqr_96,9.903868737965109e-05,0.00011471144241392751,-1.5672755034276415e-05,6637114.0,0.3705824400102977,False,1.5672755034276415e-05
illiq_expanding_var,0.000601094322415382,0.0005855340640497454,1.5560258365636577e-05,6854397.0,0.13414960818412733,False,1.5560258365636577e-05
imbalance_expanding_var,0.00039434090765204214,0.00037882530155617674,1.5515606095865408e-05,6951358.0,0.010368470837831418,False,1.5515606095865408e-05
buy_ratio_lag_10,-4.425479601321529e-05,-2.900931482200082e-05,-1.5245481191214469e-05,6757455.5,0.666373535276116,False,1.5245481191214469e-05
range_hl_rolling_var_12,0.0006822052741157015,0.0006972342497973229,-1.502897568162148e-05,7132750.0,5.211143938205515e-06,True,1.502897568162148e-05
illiq_rolling_mean_96,0.00011779739275752327,0.0001028912401056122,1.490615265191106e-05,5450160.5,3.8376855322366507e-44,True,1.490615265191106e-05
garman_klass_var_rolling_iqr_2,8.511293350883522e-05,7.052950888144873e-05,1.4583424627386495e-05,6476255.5,0.007833778434653441,False,1.4583424627386495e-05
imbalance_lag_3,-8.385315547201048e-05,-6.951632492219123e-05,-1.4336830549819247e-05,5217781.0,9.01089361036509e-66,True,1.4336830549819247e-05
range_pct_rolling_ptp_48,0.00020474065250028256,0.00019065894831782072,1.4081704182461843e-05,7497529.5,1.0759566920557615e-17,True,1.4081704182461843e-05
squared_return_rolling_ptp_48,3.51429867546047e-05,2.1328967831767684e-05,1.3814018922837015e-05,6724923.0,0.9393124052453704,False,1.3814018922837015e-05
return_rolling_max_48,0.00039280824945938134,0.00040658640911205116,-1.3778159652669817e-05,6816362.0,0.2808138817986343,False,1.3778159652669817e-05
illiq_rolling_max_4,-5.269675056486458e-05,-3.90046016014447e-05,-1.3692148963419877e-05,4461517.5,1.1272236738802676e-158,True,1.3692148963419877e-05
close_to_vwap_rolling_min_24,-5.089680083972604e-05,-3.747770080536598e-05,-1.3419100034360056e-05,5780978.5,7.188461797208839e-26,True,1.3419100034360056e-05
close_to_vwap_lag_1,0.00017418967951321745,0.00016098389465639366,1.3205784856823785e-05,5440616.5,8.8243756812025e-45,True,1.3205784856823785e-05
return_rolling_iqr_12,0.00012288520969957678,0.00013585102521500357,-1.296581551542679e-05,6601797.0,0.19956408988051888,False,1.296581551542679e-05
buy_ratio_rolling_mean_12,-0.00020777782659145013,-0.00022041875040568708,1.2640923814236956e-05,5454577.5,7.187318944031468e-44,True,1.2640923814236956e-05
log_quote_volume_expanding_mean,0.00020119772858703604,0.00018856093191627776,1.2636796670758286e-05,7241995.5,8.288758017384259e-09,True,1.2636796670758286e-05
abs_return_rolling_iqr_2,0.00012467586452954575,0.00011208131790436669,1.2594546625179062e-05,6431344.0,0.0016178223859098727,True,1.2594546625179062e-05
illiq_rolling_min_48,-6.048216601110547e-05,-7.307289402393382e-05,1.2590728012828346e-05,6621087.0,0.28519855370505487,False,1.2590728012828346e-05
imbalance_lag_5,-2.0756270204000788e-05,-3.305819665376706e-05,1.2301926449766275e-05,6571451.0,0.10671712994862015,False,1.2301926449766275e-05
range_pct_rolling_iqr_2,-4.624583738565104e-05,-5.849297888942226e-05,1.2247141503771218e-05,7527890.5,4.583597455431285e-19,True,1.2247141503771218e-05
illiq_rolling_max_1,-3.3575244870937474e-05,-2.1507017834032864e-05,-1.206822703690461e-05,6752205.5,0.6886307400937953,False,1.206822703690461e-05
imbalance_rolling_iqr_4,-0.00013009382137457994,-0.00014170039666046308,1.1606575285883137e-05,6991308.5,0.002683078217974532,True,1.1606575285883137e-05
return_rolling_var_4,0.00013231437615270506,0.0001438999792357605,-1.1585603083055437e-05,6594739.5,0.17475072507581835,False,1.1585603083055437e-05
squared_return_rolling_min_4,3.3086327536557726e-05,4.4642057989044295e-05,-1.155573045248657e-05,5770354.0,1.0002947687537728e-25,True,1.155573045248657e-05
abs_return_rolling_ptp_48,0.0006920672339285452,0.0006806307999048034,1.1436434023741836e-05,6484987.0,0.010370293675108107,False,1.1436434023741836e-05
close_to_vwap_rolling_mean_24,0.000398929115545674,0.0004101313188397018,-1.1202203294027803e-05,6709634.0,0.9247953713936862,False,1.1202203294027803e-05
buy_ratio_rolling_min_12,-1.0395932249642665e-05,-2.152576951480935e-05,1.1129837265166686e-05,7431744.5,2.2549771164259915e-15,True,1.1129837265166686e-05
imbalance_rolling_min_4,0.00010200929202757193,0.00011263246310809533,-1.0623171080523401e-05,6095907.5,7.820425694695852e-12,True,1.0623171080523401e-05
log_volume_rolling_mean_12,-9.031853733697992e-05,-0.0001008358419120356,1.0517304575055682e-05,7855674.0,7.455158306269818e-36,True,1.0517304575055682e-05
log_volume_rolling_ptp_12,5.63088561266195e-05,6.670626102920552e-05,-1.0397404902586017e-05,4757238.0,2.4607377306929426e-116,True,1.0397404902586017e-05
buy_ratio_rolling_ptp_8,-0.0001685431442626202,-0.00015840453563763175,-1.0138608624988437e-05,6547866.0,0.05450055851311581,False,1.0138608624988437e-05
log_volume_rolling_var_24,-5.203716578702155e-05,-4.2032274281272906e-05,-1.0004891505748646e-05,5842277.0,1.7269700810488864e-22,True,1.0004891505748646e-05
return_lag_5,0.0001868015817857141,0.00017696593919963138,9.835642586082709e-06,7015389.0,0.0010250823627045197,True,9.835642586082709e-06
imbalance_expanding_mean,0.0005054765814511093,0.0005152221377986724,-9.745556347563094e-06,6664631.5,0.5558936557635168,False,9.745556347563094e-06
parkinson_var_rolling_max_96,-0.00019355152805365885,-0.00018424968277556248,-9.301845278096376e-06,6761985.0,0.6305214762154967,False,9.301845278096376e-06
illiq_rolling_mean_8,0.00010711474576964542,0.00011632061008599313,-9.205864316347704e-06,6615458.5,0.258675325756498,False,9.205864316347704e-06
log_volume_rolling_var_2,-1.2903380594021864e-05,-3.771200284160998e-06,-9.132180309860867e-06,7175491.5,4.375923696399313e-07,True,9.132180309860867e-06
log_quote_volume_rolling_max_8,0.000712319708967903,0.0007213711625188124,-9.051453550909332e-06,7046831.5,0.00030458674168523973,True,9.051453550909332e-06
close_to_vwap_rolling_iqr_8,0.00013940898720570907,0.00014842883819283728,-9.019850987128207e-06,7907366.0,5.007316284858932e-39,True,9.019850987128207e-06
log_quote_volume_rolling_var_96,0.00010284443487860592,0.00011168154429678686,-8.837109418180934e-06,6522222.5,0.031140197145275054,False,8.837109418180934e-06
open_gap_return,0.00018692130313377293,0.00017837344111249352,8.547862021279415e-06,6632573.0,0.34162800702920937,False,8.547862021279415e-06
log_quote_volume_rolling_iqr_8,5.695463659540965e-05,4.841329444314051e-05,8.541342152269142e-06,6284815.0,1.7541732559208141e-06,True,8.541342152269142e-06
log_volume_rolling_iqr_2,-5.7062468077020886e-05,-4.858464332424032e-05,-8.477824752780563e-06,8076484.0,3.434499710449017e-53,True,8.477824752780563e-06
log_volume_rolling_ptp_8,-2.658502717417814e-05,-1.818599641982227e-05,-8.399030754355872e-06,6710760.5,0.9330064861206703,False,8.399030754355872e-06
abs_return_rolling_ptp_8,0.00044010384122638045,0.00044839625764157067,-8.29241641519022e-06,6687262.5,0.73366587615386,False,8.29241641519022e-06
range_pct_rolling_ptp_8,2.2129104073896793e-05,3.039720495136822e-05,-8.268100877471428e-06,4470786.5,4.191792254240505e-135,True,8.268100877471428e-06
return_lag_10,-0.00010153779509541915,-0.00010968343470897052,8.14563961355137e-06,6820142.0,0.2360585606700054,False,8.14563961355137e-06
log_volume_rolling_max_96,0.00010738489496966123,0.00011548540472898153,-8.100509759320293e-06,6896581.0,0.04688654713933628,False,8.100509759320293e-06
abs_return_rolling_min_8,-9.532775520221296e-06,-1.4612834508639207e-06,-8.071492069357376e-06,6820809.5,0.2594927163578581,False,8.071492069357376e-06
squared_return_rolling_var_2,3.483575627401287e-05,2.6811255651159084e-05,8.024500622853786e-06,7135441.0,1.954652417066784e-06,True,8.024500622853786e-06
log_quote_volume_rolling_var_48,-0.0001767622497355363,-0.00018457104496166904,7.808795226132737e-06,6499796.5,0.016063524695364748,False,7.808795226132737e-06
imbalance_rolling_ptp_8,-0.00034345534921643626,-0.00033583031439687937,-7.625034819556888e-06,6634114.5,0.35531910416708545,False,7.625034819556888e-06
log_quote_volume_rolling_ptp_4,-1.1745059263182418e-05,-1.9296223961848178e-05,7.55116469866576e-06,6896283.0,0.05001447275689515,False,7.55116469866576e-06
log_quote_volume_rolling_iqr_48,-0.0004130792748562711,-0.000405576525070614,-7.502749785657115e-06,6588358.5,0.15353470478787523,False,7.502749785657115e-06
close_to_vwap_rolling_ptp_96,8.773789109134376e-05,9.466690961975116e-05,-6.929018528407406e-06,6317671.5,9.480523564810813e-06,True,6.929018528407406e-06
log_quote_volume_rolling_mean_12,0.0006292034243535852,0.0006360223572068258,-6.8189328532406324e-06,6641295.5,0.3978382988089769,False,6.8189328532406324e-06
buy_ratio_lag_2,2.1507031245115557e-05,1.4721365286158435e-05,6.785665958957122e-06,5660465.5,2.122056196140155e-34,True,6.785665958957122e-06
log_quote_volume_rolling_iqr_24,-7.598362782107813e-05,-8.276472032590013e-05,6.781092504822001e-06,6111358.5,2.5656832243410796e-11,True,6.781092504822001e-06
log_quote_volume_rolling_ptp_48,-3.572579916602049e-05,-4.23537394698467e-05,6.627940303826213e-06,7139768.5,3.506210309680377e-06,True,6.627940303826213e-06
close_to_vwap_rolling_iqr_12,5.3234261991456665e-05,5.9828669164211595e-05,-6.594407172754929e-06,6215775.5,3.273874680924409e-08,True,6.594407172754929e-06
imbalance_rolling_max_12,-2.528674249650214e-05,-1.8816923351905146e-05,-6.469819144596993e-06,7442289.5,1.5940940411824877e-16,True,6.469819144596993e-06
squared_return_rolling_min_8,3.5321824778927226e-05,2.8859314771409525e-05,6.4625100075177006e-06,6705424.0,0.8881321782833578,False,6.4625100075177006e-06
log_quote_volume_rolling_iqr_4,-1.9428946405854202e-05,-2.5887697776263105e-05,6.458751370408903e-06,6373998.5,8.180680502960092e-05,True,6.458751370408903e-06
log_volume_rolling_iqr_8,5.927019061958756e-06,1.2325853848233557e-05,-6.398834786274801e-06,6364037.0,9.305029162526007e-05,True,6.398834786274801e-06
illiq_rolling_var_2,-2.0293948322007505e-06,4.084889755768595e-06,-6.1142845879693455e-06,5224598.0,1.035187447746707e-61,True,6.1142845879693455e-06
illiq_rolling_mean_4,-3.950295450722944e-05,-3.4265161568995905e-05,-5.237792938233538e-06,6077013.0,1.4170140373803209e-12,True,5.237792938233538e-06
parkinson_var_rolling_max_12,0.0005029873970125381,0.0004979683844965186,5.019012516019458e-06,7264301.0,1.9591481539223408e-09,True,5.019012516019458e-06
imbalance_rolling_ptp_2,2.2180727770191138e-05,2.7063807700769252e-05,-4.883079930578114e-06,6714835.0,0.9702507832014274,False,4.883079930578114e-06
imbalance_rolling_ptp_24,-0.002419792721589448,-0.002424035037221619,4.2423156321712285e-06,6087465.5,4.156929093197977e-12,True,4.2423156321712285e-06
close_to_vwap_lag_10,7.63853042848774e-05,8.054478175903689e-05,-4.159477474159493e-06,6661672.0,0.510879078729592,False,4.159477474159493e-06
range_hl_rolling_var_4,0.00016145961044443713,0.00015733254257848688,4.127067865950255e-06,7077712.5,5.378248833221094e-05,True,4.127067865950255e-06
illiq_rolling_var_48,3.1828519528618294e-05,3.593280426464935e-05,-4.1042847360310585e-06,7023170.5,0.0003539101577320721,True,4.1042847360310585e-06
close_to_vwap_rolling_min_8,3.285350242334489e-05,3.6869949954001816e-05,-4.016447530656925e-06,6895484.0,0.030786391113554537,False,4.016447530656925e-06
illiq_rolling_max_24,0.0001885117786685426,0.00018457979486196277,3.931983806579835e-06,6954457.0,0.00942883275691655,False,3.931983806579835e-06
close_to_vwap_rolling_var_2,0.0002575139740649677,0.0002535847290843746,3.9292449805931125e-06,6616016.5,0.2600902930462674,False,3.9292449805931125e-06
log_volume_rolling_max_48,-0.00021713621196000441,-0.00022104605317302376,3.909841213019347e-06,7434181.5,3.6023399849186385e-15,True,3.909841213019347e-06
close_to_vwap_rolling_ptp_12,0.0004796268351847947,0.0004759688215397707,3.658013645023992e-06,6857393.5,0.12250239685111729,False,3.658013645023992e-06
illiq_rolling_min_2,6.359310516556778e-05,6.014314367731406e-05,3.4499614882537203e-06,6839084.0,0.1293269183271585,False,3.4499614882537203e-06
illiq_rolling_max_96,6.756937747324324e-05,6.416237283406481e-05,3.4070046391784353e-06,6855868.0,0.1302358798985308,False,3.4070046391784353e-06
buy_ratio_lag_5,-5.7864654811298256e-05,-5.466047043739039e-05,-3.204184373907863e-06,6775980.0,0.5256192727504161,False,3.204184373907863e-06
close_to_vwap_rolling_max_24,3.3799978945172144e-05,3.0924058008479616e-05,2.8759209366925286e-06,7828192.0,2.527494947281838e-34,True,2.8759209366925286e-06
imbalance_rolling_ptp_96,-0.0010434772463054412,-0.0010462820543980763,2.804808092635039e-06,6457844.5,0.003528374103327556,True,2.804808092635039e-06
range_pct_rolling_mean_1,0.0066078454981467975,0.006610270303359555,-2.4248052127575845e-06,6834589.0,0.20097042269315102,False,2.4248052127575845e-06
illiq_rolling_ptp_8,7.887229423693142e-06,1.021831027622775e-05,-2.3310808525346082e-06,6931325.0,0.019168115127912416,False,2.3310808525346082e-06
abs_return_rolling_min_4,2.9610500638717144e-05,3.187244126072906e-05,-2.2619406220119183e-06,6342372.0,2.1422956873961728e-05,True,2.2619406220119183e-06
log_volume_rolling_var_4,-0.00010028747580266426,-0.0001025371782906857,2.2497024880214464e-06,6765683.5,0.6019787624364956,False,2.2497024880214464e-06
abs_return_rolling_min_48,9.223091846996853e-05,9.44056614579156e-05,-2.174742987947069e-06,6403499.5,0.0004913572239870325,True,2.174742987947069e-06
illiq_rolling_iqr_96,6.975725016311946e-06,8.892901714043477e-06,-1.9171766977315312e-06,6013741.0,1.2086668116586358e-15,True,1.9171766977315312e-06
lower_wick,2.759442029364722e-05,2.5729140856172995e-05,1.8652794374742245e-06,8160008.5,2.9906362675682583e-57,True,1.8652794374742245e-06
range_pct_rolling_ptp_24,6.227962291083326e-05,6.0513615698910646e-05,1.7660072119226109e-06,6944423.5,0.005094893954963416,True,1.7660072119226109e-06
squared_return_rolling_min_12,7.831651948039112e-07,-9.132756254362971e-07,1.6964408202402082e-06,6504008.0,0.01639320903858745,False,1.6964408202402082e-06
vwap,0.00010491147626763412,0.0001064714266077675,-1.5599503401333731e-06,6492994.5,0.005683284795234204,True,1.5599503401333731e-06
garman_klass_var_rolling_ptp_2,0.000129085187531245,0.00013047145241097352,-1.3862648797285059e-06,6418937.5,0.0009593603222006883,True,1.3862648797285059e-06
imbalance_expanding_skew,1.2346137501036078e-05,1.1131993307988409e-05,1.2141441930476698e-06,7300219.0,5.670586214042386e-12,True,1.2141441930476698e-06
imbalance_lag_10,-5.8175212524850757e-05,-5.933655081065934e-05,1.1613382858085837e-06,6633142.5,0.33753295789707816,False,1.1613382858085837e-06
imbalance_rolling_mean_48,-0.00018140450271815083,-0.0001824292725804028,1.0247698622519873e-06,7352600.5,3.114901324013672e-12,True,1.0247698622519873e-06
illiq_rolling_min_96,5.3769346553079e-05,5.283883658491371e-05,9.305099681652913e-07,7211683.0,5.7999777168406735e-08,True,9.305099681652913e-07
log_quote_volume_rolling_ptp_96,-1.9244238466533925e-05,-1.8361112440135198e-05,-8.831260263987266e-07,6302512.5,3.232143710875058e-06,True,8.831260263987266e-07
close_to_vwap_lag_3,1.0643879460628043e-06,4.7162688883519824e-07,5.927610572276062e-07,6782956.5,0.47368780676112043,False,5.927610572276062e-07
log_volume_rolling_var_12,-3.261354502886349e-06,-3.8142428922497053e-06,5.528883893633563e-07,7015121.5,0.001101115251092478,True,5.528883893633563e-07
log_quote_volume_rolling_var_8,1.0179703822526043e-05,9.689520780027798e-06,4.901830424982444e-07,7105347.5,5.7625922736895584e-06,True,4.901830424982444e-07
flag__no_trades,2.9090703109557392e-08,-9.339085983943391e-09,3.842978909350079e-08,11258325.0,0.0,True,3.842978909350079e-08
buy_ratio_rolling_min_48,2.2049075072264708e-05,2.2074720083300444e-05,-2.5645011035736455e-08,6674305.5,0.5866449514115852,False,2.5645011035736455e-08
abs_return_rolling_min_96,0.000100808838790846,0.00010080994242194906,-1.1036311030636e-09,6366411.0,9.298498119174266e-05,True,1.1036311030636e-09
close_to_vwap_rolling_iqr_4,0.0,0.0,0.0,6718224.0,1.0,False,0.0
imbalance_rolling_var_1,0.0,0.0,0.0,6718224.0,1.0,False,0.0
log_quote_volume_rolling_ptp_12,0.0,0.0,0.0,6718224.0,1.0,False,0.0
parkinson_var_rolling_var_1,0.0,0.0,0.0,6718224.0,1.0,False,0.0
log_quote_volume_rolling_ptp_8,0.0,0.0,0.0,6718224.0,1.0,False,0.0
log_quote_volume_rolling_iqr_12,0.0,0.0,0.0,6718224.0,1.0,False,0.0
parkinson_var_rolling_iqr_1,0.0,0.0,0.0,6718224.0,1.0,False,0.0
parkinson_var_rolling_ptp_1,0.0,0.0,0.0,6718224.0,1.0,False,0.0
log_quote_volume_rolling_min_96,0.0,0.0,0.0,6718224.0,1.0,False,0.0
imbalance_rolling_iqr_1,0.0,0.0,0.0,6718224.0,1.0,False,0.0
range_hl_rolling_var_1,0.0,0.0,0.0,6718224.0,1.0,False,0.0
range_hl_rolling_iqr_1,0.0,0.0,0.0,6718224.0,1.0,False,0.0
range_hl_rolling_ptp_1,0.0,0.0,0.0,6718224.0,1.0,False,0.0
log_quote_volume_rolling_ptp_1,0.0,0.0,0.0,6718224.0,1.0,False,0.0
log_quote_volume_rolling_var_2,0.0,0.0,0.0,6718224.0,1.0,False,0.0
log_quote_volume_rolling_var_4,0.0,0.0,0.0,6718224.0,1.0,False,0.0
imbalance_rolling_iqr_8,0.0,0.0,0.0,6718224.0,1.0,False,0.0
imbalance_rolling_max_8,0.0,0.0,0.0,6718224.0,1.0,False,0.0
flag__no_quote_volume,0.0,0.0,0.0,6718224.0,1.0,False,0.0
imbalance_rolling_mean_8,0.0,0.0,0.0,6718224.0,1.0,False,0.0
return_rolling_ptp_12,0.0,0.0,0.0,6718224.0,1.0,False,0.0
log_quote_volume_rolling_iqr_1,0.0,0.0,0.0,6718224.0,1.0,False,0.0
log_volume_rolling_ptp_96,0.0,0.0,0.0,6718224.0,1.0,False,0.0
log_quote_volume_rolling_var_1,0.0,0.0,0.0,6718224.0,1.0,False,0.0
range_hl_lag_1,0.0,0.0,0.0,6718224.0,1.0,False,0.0
abs_return_lag_5,0.0,0.0,0.0,6718224.0,1.0,False,0.0
abs_return_lag_1,0.0,0.0,0.0,6718224.0,1.0,False,0.0
abs_return_lag_2,0.0,0.0,0.0,6718224.0,1.0,False,0.0
imbalance_rolling_var_2,0.0,0.0,0.0,6718224.0,1.0,False,0.0
imbalance_rolling_ptp_1,0.0,0.0,0.0,6718224.0,1.0,False,0.0
imbalance_rolling_max_4,0.0,0.0,0.0,6718224.0,1.0,False,0.0
abs_return_rolling_ptp_1,0.0,0.0,0.0,6718224.0,1.0,False,0.0
imbalance_rolling_min_1,0.0,0.0,0.0,6718224.0,1.0,False,0.0
flag__no_vwap,0.0,0.0,0.0,6718224.0,1.0,False,0.0
flag__no_volume,0.0,0.0,0.0,6718224.0,1.0,False,0.0
flag__range_zero,0.0,0.0,0.0,6718224.0,1.0,False,0.0
flag__first_bar,0.0,0.0,0.0,6718224.0,1.0,False,0.0
flag__segment_start,0.0,0.0,0.0,6718224.0,1.0,False,0.0
range_pct_rolling_var_2,0.0,0.0,0.0,6718224.0,1.0,False,0.0
range_pct_rolling_var_1,0.0,0.0,0.0,6718224.0,1.0,False,0.0
range_pct_rolling_ptp_2,0.0,0.0,0.0,6718224.0,1.0,False,0.0
buy_ratio_rolling_iqr_1,0.0,0.0,0.0,6718224.0,1.0,False,0.0
flag__gk_negative,0.0,0.0,0.0,6718224.0,1.0,False,0.0
return_rolling_var_1,0.0,0.0,0.0,6718224.0,1.0,False,0.0
return_rolling_iqr_1,0.0,0.0,0.0,6718224.0,1.0,False,0.0
buy_ratio_rolling_var_1,0.0,0.0,0.0,6718224.0,1.0,False,0.0
buy_ratio_rolling_min_1,0.0,0.0,0.0,6718224.0,1.0,False,0.0
return_rolling_ptp_1,0.0,0.0,0.0,6718224.0,1.0,False,0.0
log_volume_rolling_ptp_1,0.0,0.0,0.0,6718224.0,1.0,False,0.0
log_volume_rolling_iqr_1,0.0,0.0,0.0,6718224.0,1.0,False,0.0
log_volume_rolling_var_1,0.0,0.0,0.0,6718224.0,1.0,False,0.0
squared_return_rolling_var_1,0.0,0.0,0.0,6718224.0,1.0,False,0.0
squared_return_rolling_ptp_1,0.0,0.0,0.0,6718224.0,1.0,False,0.0
squared_return_rolling_iqr_1,0.0,0.0,0.0,6718224.0,1.0,False,0.0
buy_ratio_rolling_ptp_1,0.0,0.0,0.0,6718224.0,1.0,False,0.0
buy_ratio_rolling_var_8,0.0,0.0,0.0,6718224.0,1.0,False,0.0
log_volume_rolling_iqr_12,0.0,0.0,0.0,6718224.0,1.0,False,0.0
range_pct_rolling_iqr_1,0.0,0.0,0.0,6718224.0,1.0,False,0.0
range_pct_rolling_ptp_1,0.0,0.0,0.0,6718224.0,1.0,False,0.0
illiq_rolling_ptp_1,0.0,0.0,0.0,6718224.0,1.0,False,0.0
illiq_rolling_var_1,0.0,0.0,0.0,6718224.0,1.0,False,0.0
buy_ratio_rolling_mean_96,0.0,0.0,0.0,6718224.0,1.0,False,0.0
illiq_rolling_iqr_1,0.0,0.0,0.0,6718224.0,1.0,False,0.0
garman_klass_var_rolling_iqr_1,0.0,0.0,0.0,6718224.0,1.0,False,0.0
illiq_rolling_ptp_24,0.0,0.0,0.0,6718224.0,1.0,False,0.0
illiq_rolling_var_24,0.0,0.0,0.0,6718224.0,1.0,False,0.0
imbalance_lag_2,0.0,0.0,0.0,6718224.0,1.0,False,0.0
illiq_rolling_var_8,0.0,0.0,0.0,6718224.0,1.0,False,0.0
garman_klass_var_rolling_var_1,0.0,0.0,0.0,6718224.0,1.0,False,0.0
illiq_rolling_iqr_8,0.0,0.0,0.0,6718224.0,1.0,False,0.0
garman_klass_var_rolling_ptp_1,0.0,0.0,0.0,6718224.0,1.0,False,0.0
abs_return_rolling_min_24,0.0,0.0,0.0,6718224.0,1.0,False,0.0
squared_return_rolling_min_48,0.0,0.0,0.0,6718224.0,1.0,False,0.0
illiq_rolling_iqr_48,0.0,0.0,0.0,6718224.0,1.0,False,0.0
close_to_vwap_rolling_var_1,0.0,0.0,0.0,6718224.0,1.0,False,0.0
close_to_vwap_rolling_iqr_1,0.0,0.0,0.0,6718224.0,1.0,False,0.0
close_to_vwap_rolling_ptp_1,0.0,0.0,0.0,6718224.0,1.0,False,0.0
abs_return_rolling_iqr_1,0.0,0.0,0.0,6718224.0,1.0,False,0.0
return_rolling_ptp_96,0.0,0.0,0.0,6718224.0,1.0,False,0.0
abs_return_rolling_var_1,0.0,0.0,0.0,6718224.0,1.0,False,0.0
